working_area_id;department;working_area;result_x;result_y;result_z
1586;Москва Автоколонна МКТ 5;Водитель-экспедитор;115;113;117
1587;Москва Автоколонна МКТ 5;Водитель-экспедитор;116;114;112
1588;Москва Автоколонна МКТ 5;Водитель-экспедитор;106;104;103
1589;Москва Автоколонна МКТ 5;Водитель-экспедитор;110;113;110
1590;Москва Автоколонна МКТ 5;Водитель-экспедитор;114;117;116
1591;Москва Автоколонна МКТ 5;Водитель-экспедитор;118;118;121
1592;Москва Автоколонна МКТ 5;Водитель-экспедитор;105;104;103
1593;Москва Автоколонна МКТ 5;Водитель-экспедитор;120;119;123
1594;Москва Автоколонна МКТ 5;Водитель-экспедитор;116;117;120
1595;Москва Автоколонна МКТ 5;Водитель-экспедитор;109;110;110
1596;Москва Автоколонна МКТ 5;Водитель-экспедитор;112;115;113
1597;Москва Автоколонна МКТ 5;Водитель-экспедитор;105;108;104
1598;Москва Автоколонна МКТ 5;Водитель-экспедитор;106;105;109
1599;Москва Автоколонна МКТ 5;Водитель-экспедитор;113;115;112
1600;Москва Автоколонна МКТ 5;Водитель-экспедитор;108;111;110
1601;Москва Автоколонна МКТ 5;Водитель-экспедитор;110;112;113
1602;Москва Автоколонна МКТ 5;Водитель-экспедитор;110;113;109
1603;Москва Автоколонна МКТ 5;Водитель-экспедитор;105;105;106
1604;Москва Автоколонна МКТ 5;Водитель-экспедитор;111;113;115
1605;Москва Автоколонна МКТ 5;Водитель-экспедитор;119;122;119
1606;Москва Автоколонна МКТ 5;Водитель-экспедитор;108;108;110
1607;Москва Автоколонна МКТ 5;Водитель-экспедитор;119;117;119
1608;Москва Автоколонна МКТ 5;Водитель-экспедитор;105;105;107
1609;Москва Автоколонна МКТ 5;Водитель-экспедитор;117;116;119
1610;Москва Автоколонна МКТ 5;Водитель-экспедитор;112;115;116
1611;Москва Автоколонна МКТ 5;Водитель-экспедитор;106;103;105
1612;Москва Автоколонна МКТ 5;Водитель-экспедитор;117;120;119
1613;Москва Автоколонна МКТ 5;Водитель-экспедитор;107;109;110
1614;Москва Автоколонна МКТ 5;Водитель-экспедитор;106;107;107
1615;Москва Автоколонна МКТ 5;Водитель-экспедитор;107;106;109
1617;Группа технической поддержки транспорта;Водитель;112;112;111
1620;Москва Автоколонна 1;"Водитель категории ""Е""";120;123;123
1621;Москва Автоколонна 1;"Водитель категории ""Е""";120;122;122
1622;Москва Автоколонна 1;"Водитель категории ""Е""";120;122;122
1623;Москва Автоколонна 1;"Водитель категории ""Е""";118;118;117
1624;Москва Автоколонна 1;"Водитель категории ""Е""";117;119;116
1625;Москва Автоколонна 1;"Водитель категории ""Е""";109;112;112
1626;Москва Автоколонна 1;"Водитель категории ""Е""";117;119;120
1627;Москва Автоколонна 1;"Водитель категории ""Е""";112;109;112
1628;Москва Автоколонна 1;"Водитель категории ""Е""";118;118;115
1629;Москва Автоколонна 1;"Водитель категории ""Е""";120;119;121
1630;Москва Автоколонна 1;"Водитель категории ""Е""";106;107;109
1631;Москва Автоколонна 1;"Водитель категории ""Е""";105;104;103
1632;Москва Автоколонна 1;"Водитель категории ""Е""";115;113;115
1633;Москва Автоколонна 1;"Водитель категории ""Е""";118;119;121
1634;Москва Автоколонна 1;"Водитель категории ""Е""";108;109;109
1635;Москва Автоколонна 1;"Водитель категории ""Е""";118;119;119
1636;Москва Автоколонна 1;"Водитель категории ""Е""";111;111;111
1637;Москва Автоколонна 1;"Водитель категории ""Е""";113;110;115
1638;Москва Автоколонна 1;"Водитель категории ""Е""";111;111;112
1639;Москва Автоколонна 1;"Водитель категории ""Е""";109;110;112
1640;Москва Автоколонна 1;"Водитель категории ""Е""";111;108;108
1641;Москва Автоколонна 1;"Водитель категории ""Е""";115;114;117
1642;Москва Автоколонна 1;"Водитель категории ""Е""";118;121;118
1643;Москва Автоколонна 1;"Водитель категории ""Е""";117;115;115
1644;Москва Автоколонна 1;"Водитель категории ""Е""";111;113;110
1645;Москва Автоколонна 1;"Водитель-экспедитор категории ""Е""";120;119;122
1726;Москва Автоколонна МКТ 1;Водитель-экспедитор;112;113;115
1531;Балашиха Автоколонна МКТ 1;Водитель-экспедитор;105;104;107
1532;Балашиха Автоколонна МКТ 1;Водитель-экспедитор;107;110;108
1533;Балашиха Автоколонна МКТ 1;Водитель-экспедитор;112;115;112
1534;Балашиха Автоколонна МКТ 1;Водитель-экспедитор;111;110;112
1535;Воскресенск Автоколонна МКТ 1;Водитель-экспедитор;118;121;123
1536;Домодедово Автоколонна МКТ 1;Водитель-экспедитор;106;107;106
1537;Железнодорожный Автоколонна МКТ 1;Водитель-экспедитор;105;103;106
1538;Зеленоград Автоколонна МКТ 1;Водитель-экспедитор;108;107;107
1539;Клин Автоколонна МКТ 1;Водитель-экспедитор;110;109;113
1540;Клин Автоколонна МКТ 1;Водитель-экспедитор;114;116;118
1541;Коломна Автоколонна МКТ 1;Водитель-экспедитор;110;107;108
1542;Коломна Автоколонна МКТ 1;Водитель-экспедитор;106;106;106
1543;Коломна Автоколонна МКТ 1;Водитель-экспедитор;120;121;118
1544;Красногорск Автоколонна МКТ 1;Водитель-экспедитор;107;109;106
1545;Красногорск Автоколонна МКТ 1;Водитель-экспедитор;106;103;107
1546;Красногорск Автоколонна МКТ 1;Водитель-экспедитор;106;104;103
1547;Красногорск Автоколонна МКТ 1;Водитель-экспедитор;110;111;110
1548;Отдел эксплуатации легкового автотранспорта;Водитель;113;114;117
1549;Отдел эксплуатации легкового автотранспорта;Водитель;109;106;107
1550;Отдел экспедирования;Водитель;107;104;107
1551;Отдел экспедирования;Делопроизводитель;112;112;109
1552;Москва Автоколонна МКТ 4;Водитель-экспедитор;108;105;110
1553;Москва Автоколонна МКТ 4;Водитель-экспедитор;116;118;119
1554;Москва Автоколонна МКТ 4;Водитель-экспедитор;114;117;118
1555;Москва Автоколонна МКТ 4;Водитель-экспедитор;109;108;107
1556;Москва Автоколонна МКТ 4;Водитель-экспедитор;117;117;120
1557;Москва Автоколонна МКТ 4;Водитель-экспедитор;106;107;108
1558;Москва Автоколонна МКТ 4;Водитель-экспедитор;119;122;121
1559;Москва Автоколонна МКТ 4;Водитель-экспедитор;108;109;111
1560;Москва Автоколонна МКТ 4;Водитель-экспедитор;113;114;113
1561;Москва Автоколонна МКТ 4;Водитель-экспедитор;120;118;121
1562;Москва Автоколонна МКТ 4;Водитель-экспедитор;113;116;112
1563;Москва Автоколонна МКТ 4;Водитель-экспедитор;112;110;114
1564;Москва Автоколонна МКТ 4;Водитель-экспедитор;120;121;124
1565;Москва Автоколонна МКТ 4;Водитель-экспедитор;119;122;118
1566;Москва Автоколонна МКТ 4;Водитель-экспедитор;106;104;105
1567;Москва Автоколонна МКТ 4;Водитель-экспедитор;113;116;116
1568;Москва Автоколонна МКТ 4;Водитель-экспедитор;108;107;107
1569;Москва Автоколонна МКТ 4;Водитель-экспедитор;106;108;105
1570;Москва Автоколонна МКТ 4;Водитель-экспедитор;109;109;110
1571;Москва Автоколонна МКТ 4;Водитель-экспедитор;120;120;119
1572;Москва Автоколонна МКТ 4;Водитель-экспедитор;120;117;119
1573;Москва Автоколонна МКТ 4;Водитель-экспедитор;111;112;110
1574;Москва Автоколонна МКТ 4;Водитель-экспедитор;107;107;107
1575;Москва Автоколонна МКТ 4;Водитель-экспедитор;114;112;111
1576;Москва Автоколонна МКТ 4;Водитель-экспедитор;120;120;117
1577;Москва Автоколонна МКТ 4;Водитель-экспедитор;112;112;111
1578;Москва Автоколонна МКТ 4;Водитель-экспедитор;110;112;110
1579;Москва Автоколонна МКТ 4;Водитель-экспедитор;120;119;123
1580;Москва Автоколонна МКТ 4;Водитель-экспедитор;107;110;110
1581;Москва Автоколонна МКТ 4;Водитель-экспедитор;110;110;107
1582;Москва Автоколонна МКТ 4;Водитель-экспедитор;109;112;112
1583;Москва Автоколонна МКТ 4;Водитель-экспедитор;107;110;112
1584;Москва Автоколонна МКТ 4;Водитель-экспедитор;113;111;112
1585;Москва Автоколонна МКТ 5;Водитель-экспедитор;120;123;124
1646;Москва Автоколонна 1;"Водитель-экспедитор категории ""Е""";113;111;109
1647;Москва Автоколонна 1;"Водитель-экспедитор категории ""Е""";119;122;122
1648;Москва Автоколонна 1;"Водитель-экспедитор категории ""Е""";116;116;118
1649;Москва Автоколонна 1;"Водитель-экспедитор категории ""Е""";110;107;108
1650;Москва Автоколонна 1;"Водитель-экспедитор категории ""Е""";120;117;120
1651;Москва Автоколонна 1;"Водитель-экспедитор категории ""Е""";112;114;111
1652;Москва Автоколонна 1;"Водитель-экспедитор категории ""Е""";106;109;109
1653;Москва Автоколонна 1;"Водитель-экспедитор категории ""Е""";106;104;103
1654;Москва Автоколонна 1;"Водитель-экспедитор категории ""Е""";117;120;117
1655;Москва Автоколонна 1;"Водитель-экспедитор категории ""Е""";105;104;104
1656;Москва Автоколонна 1;"Водитель-экспедитор категории ""Е""";109;112;111
1657;Москва Автоколонна 1;"Водитель-экспедитор категории ""Е""";118;115;119
1658;Москва Автоколонна 1;"Водитель-экспедитор категории ""Е""";107;108;110
1659;Москва Автоколонна 1;"Водитель-экспедитор категории ""Е""";114;115;113
1660;Москва Автоколонна 1;"Водитель-экспедитор категории ""Е""";114;112;116
1661;Москва Автоколонна 1;"Водитель-экспедитор категории ""Е""";109;107;108
1662;Москва Автоколонна 1;"Водитель-экспедитор категории ""Е""";108;105;110
1663;Москва Автоколонна 1;"Водитель-экспедитор категории ""Е""";107;104;108
1664;Москва Автоколонна 1;"Водитель-экспедитор категории ""Е""";110;112;111
1665;Москва Автоколонна 1;"Водитель-экспедитор категории ""Е""";120;121;118
1666;Москва Автоколонна 1;"Водитель-экспедитор категории ""Е""";112;111;111
1667;Москва Автоколонна 1;"Водитель-экспедитор категории ""Е""";119;117;120
1668;Москва Автоколонна 1;"Водитель-экспедитор категории ""Е""";111;109;113
1669;Москва Автоколонна 1;"Водитель-экспедитор категории ""Е""";116;114;113
1670;Москва Автоколонна 1;"Водитель-экспедитор категории ""Е""";106;105;104
1671;Москва Автоколонна 1;"Водитель-экспедитор категории ""Е""";117;118;117
1672;Москва Автоколонна 1;"Водитель-экспедитор категории ""Е""";106;108;106
1673;Москва Автоколонна 1;"Водитель категории ""Е""";119;121;119
1674;Москва Автоколонна 1;"Водитель категории ""Е""";118;121;122
1675;Москва Автоколонна 2;"Водитель-экспедитор категории ""Е""";112;109;108
1676;Москва Автоколонна 2;"Водитель-экспедитор категории ""Е""";115;113;117
1677;Москва Автоколонна 2;"Водитель-экспедитор категории ""Е""";106;106;103
1678;Москва Автоколонна 2;"Водитель-экспедитор категории ""Е""";113;111;114
1680;Москва Автоколонна 2;Делопроизводитель;109;106;107
1682;Москва Автоколонна МКТ 1;Водитель-экспедитор;111;113;115
1683;Москва Автоколонна МКТ 1;Водитель-экспедитор;118;116;115
1684;Москва Автоколонна МКТ 1;Водитель-экспедитор;112;111;110
1685;Москва Автоколонна МКТ 1;Водитель-экспедитор;113;115;112
1686;Москва Автоколонна МКТ 1;Водитель-экспедитор;117;115;115
1687;Москва Автоколонна МКТ 1;Водитель-экспедитор;111;113;110
1688;Москва Автоколонна МКТ 1;Водитель-экспедитор;119;117;115
1689;Москва Автоколонна МКТ 1;Водитель-экспедитор;108;107;108
1690;Москва Автоколонна МКТ 1;Водитель-экспедитор;105;105;102
1691;Москва Автоколонна МКТ 1;Водитель-экспедитор;109;109;106
1692;Москва Автоколонна МКТ 1;Водитель-экспедитор;108;108;106
1693;Москва Автоколонна МКТ 1;Водитель-экспедитор;107;108;106
1694;Москва Автоколонна МКТ 1;Водитель-экспедитор;110;111;109
1695;Москва Автоколонна МКТ 1;Водитель-экспедитор;115;115;117
1696;Москва Автоколонна МКТ 1;Водитель-экспедитор;108;109;107
1697;Москва Автоколонна МКТ 1;Водитель-экспедитор;105;108;104
1698;Москва Автоколонна МКТ 1;Водитель-экспедитор;111;110;113
1699;Москва Автоколонна МКТ 1;Водитель-экспедитор;116;117;115
1700;Москва Автоколонна МКТ 1;Водитель-экспедитор;109;108;112
1701;Москва Автоколонна МКТ 1;Водитель-экспедитор;115;112;115
1702;Москва Автоколонна МКТ 1;Водитель-экспедитор;111;113;111
1703;Москва Автоколонна МКТ 1;Водитель-экспедитор;107;110;111
1704;Москва Автоколонна МКТ 1;Водитель-экспедитор;116;116;113
1705;Москва Автоколонна МКТ 1;Водитель-экспедитор;118;119;119
1706;Москва Автоколонна МКТ 1;Водитель-экспедитор;105;107;109
1707;Москва Автоколонна МКТ 1;Водитель-экспедитор;108;111;107
1708;Москва Автоколонна МКТ 1;Водитель-экспедитор;112;115;114
1709;Москва Автоколонна МКТ 1;Водитель-экспедитор;114;113;117
1710;Москва Автоколонна МКТ 1;Водитель-экспедитор;111;109;108
1711;Москва Автоколонна МКТ 1;Водитель-экспедитор;106;108;107
1712;Москва Автоколонна МКТ 1;Водитель-экспедитор;107;109;107
1713;Москва Автоколонна МКТ 1;Водитель-экспедитор;115;117;117
1714;Москва Автоколонна МКТ 1;Водитель-экспедитор;110;113;110
1715;Москва Автоколонна МКТ 1;Водитель-экспедитор;118;118;117
1716;Москва Автоколонна МКТ 1;Водитель-экспедитор;112;115;117
1717;Москва Автоколонна МКТ 1;Водитель-экспедитор;116;113;112
1718;Москва Автоколонна МКТ 1;Водитель-экспедитор;116;119;118
1719;Москва Автоколонна МКТ 1;Водитель-экспедитор;110;112;112
1720;Москва Автоколонна МКТ 1;Водитель-экспедитор;112;109;114
1721;Москва Автоколонна МКТ 1;Водитель-экспедитор;105;108;108
1722;Москва Автоколонна МКТ 1;Водитель-экспедитор;120;121;118
1723;Москва Автоколонна МКТ 1;Водитель-экспедитор;118;115;114
1724;Москва Автоколонна МКТ 1;Водитель-экспедитор;116;114;118
1725;Москва Автоколонна МКТ 1;Водитель-экспедитор;118;119;116
1727;Москва Автоколонна МКТ 1;Водитель-экспедитор;118;116;115
1728;Москва Автоколонна МКТ 1;Водитель-экспедитор;119;120;121
1729;Москва Автоколонна МКТ 1;Водитель-экспедитор;119;119;122
1730;Москва Автоколонна МКТ 1;Водитель-экспедитор;116;118;119
1731;Москва Автоколонна МКТ 1;Водитель-экспедитор;112;111;112
1732;Москва Автоколонна МКТ 1;Водитель-экспедитор;120;118;120
1733;Москва Автоколонна МКТ 1;Водитель-экспедитор;118;121;117
1734;Москва Автоколонна МКТ 1;Водитель-экспедитор;111;108;111
1735;Москва Автоколонна МКТ 1;Водитель-экспедитор;119;121;120
1736;Москва Автоколонна МКТ 1;Водитель-экспедитор;108;109;112
1737;Москва Автоколонна МКТ 1;Водитель-экспедитор;120;119;118
1738;Москва Автоколонна МКТ 2;Водитель-экспедитор;113;116;116
1739;Москва Автоколонна МКТ 2;Водитель-экспедитор;113;113;110
1740;Москва Автоколонна МКТ 2;Водитель-экспедитор;116;115;116
1741;Москва Автоколонна МКТ 2;Водитель-экспедитор;108;107;111
1742;Москва Автоколонна МКТ 2;Водитель-экспедитор;106;108;105
1743;Москва Автоколонна МКТ 2;Водитель-экспедитор;117;117;118
1744;Москва Автоколонна МКТ 2;Водитель-экспедитор;117;119;118
1745;Москва Автоколонна МКТ 2;Водитель-экспедитор;111;113;112
1746;Москва Автоколонна МКТ 2;Водитель-экспедитор;116;113;112
1747;Москва Автоколонна МКТ 2;Водитель-экспедитор;117;115;115
1748;Москва Автоколонна МКТ 2;Водитель-экспедитор;119;116;121
1749;Москва Автоколонна МКТ 2;Водитель-экспедитор;107;108;109
1750;Москва Автоколонна МКТ 2;Водитель-экспедитор;106;109;105
1751;Москва Автоколонна МКТ 2;Водитель-экспедитор;113;112;113
1752;Москва Автоколонна МКТ 2;Водитель-экспедитор;113;115;117
1753;Москва Автоколонна МКТ 2;Водитель-экспедитор;116;116;114
1754;Москва Автоколонна МКТ 2;Водитель-экспедитор;105;108;107
1755;Москва Автоколонна МКТ 2;Водитель-экспедитор;106;105;103
1756;Москва Автоколонна МКТ 2;Водитель-экспедитор;117;116;120
1757;Москва Автоколонна МКТ 2;Водитель-экспедитор;114;115;115
1758;Москва Автоколонна МКТ 2;Водитель-экспедитор;113;110;113
1759;Москва Автоколонна МКТ 2;Водитель-экспедитор;105;102;107
1760;Москва Автоколонна МКТ 2;Водитель-экспедитор;112;110;108
1761;Москва Автоколонна МКТ 2;Водитель-экспедитор;113;112;110
1762;Москва Автоколонна МКТ 2;Водитель-экспедитор;116;113;117
1763;Москва Автоколонна МКТ 2;Водитель-экспедитор;116;118;118
1764;Москва Автоколонна МКТ 2;Водитель-экспедитор;105;102;103
1765;Москва Автоколонна МКТ 2;Водитель-экспедитор;111;111;112
1766;Москва Автоколонна МКТ 2;Водитель-экспедитор;106;103;103
1767;Москва Автоколонна МКТ 2;Водитель-экспедитор;114;116;114
1768;Москва Автоколонна МКТ 2;Водитель-экспедитор;117;116;119
1769;Москва Автоколонна МКТ 2;Водитель-экспедитор;118;117;116
1770;Москва Автоколонна МКТ 2;Водитель-экспедитор;118;121;117
1771;Москва Автоколонна МКТ 2;Водитель-экспедитор;113;110;111
1772;Москва Автоколонна МКТ 2;Водитель-экспедитор;115;115;116
1773;Москва Автоколонна МКТ 2;Водитель-экспедитор;107;105;107
1774;Москва Автоколонна МКТ 2;Водитель-экспедитор;110;108;106
1775;Москва Автоколонна МКТ 2;Водитель-экспедитор;116;114;114
1776;Москва Автоколонна МКТ 2;Водитель-экспедитор;105;108;108
1777;Москва Автоколонна МКТ 2;Водитель-экспедитор;115;118;120
1778;Москва Автоколонна МКТ 2;Водитель-экспедитор;119;116;116
1779;Москва Автоколонна МКТ 2;Водитель-экспедитор;110;107;112
1780;Москва Автоколонна МКТ 2;Водитель-экспедитор;120;117;119
1781;Москва Автоколонна МКТ 2;Водитель-экспедитор;108;106;109
1782;Москва Автоколонна МКТ 2;Водитель-экспедитор;110;112;111
1783;Москва Автоколонна МКТ 2;Водитель-экспедитор;112;111;110
1784;Москва Автоколонна МКТ 2;Водитель-экспедитор;109;108;109
1785;Москва Автоколонна МКТ 2;Водитель-экспедитор;107;110;107
1786;Москва Автоколонна МКТ 2;Водитель-экспедитор;117;120;122
1788;Мытищи Автоколонна МКТ 1;Водитель-экспедитор;119;116;117
1789;Мытищи Автоколонна МКТ 1;Водитель-экспедитор;106;103;103
1790;Мытищи Автоколонна МКТ 1;Водитель-экспедитор;114;116;118
1791;Мытищи Автоколонна МКТ 1;Водитель-экспедитор;108;110;106
1792;Мытищи Автоколонна МКТ 1;Водитель-экспедитор;109;110;107
1793;Мытищи Автоколонна МКТ 1;Водитель-экспедитор;116;118;114
1794;Мытищи Автоколонна МКТ 1;Водитель-экспедитор;110;107;107
1795;Мытищи Автоколонна МКТ 1;Водитель-экспедитор;119;119;122
1796;Мытищи Автоколонна МКТ 1;Водитель-экспедитор;114;114;114
1797;Ногинск Автоколонна МКТ 1;Водитель-экспедитор;117;120;117
1798;Ногинск Автоколонна МКТ 1;Водитель-экспедитор;106;109;111
1799;Ногинск Автоколонна МКТ 1;Водитель-экспедитор;106;107;108
1800;Ногинск Автоколонна МКТ 1;Водитель-экспедитор;119;117;119
1801;Ногинск Автоколонна МКТ 1;Водитель-экспедитор;109;107;105
1804;Одинцово Автоколонна МКТ 1  ;Водитель-экспедитор;105;106;107
1805;Одинцово Автоколонна МКТ 1  ;Водитель-экспедитор;115;115;113
1806;Одинцово Автоколонна МКТ 1  ;Водитель-экспедитор;105;103;104
1807;Одинцово Автоколонна МКТ 1  ;Водитель-экспедитор;112;115;115
1808;Одинцово Автоколонна МКТ 1  ;Водитель-экспедитор;108;111;113
1809;Одинцово Автоколонна МКТ 1  ;Водитель-экспедитор;113;115;117
1810;Одинцово Автоколонна МКТ 1  ;Водитель-экспедитор;114;112;111
1811;Одинцово Автоколонна МКТ 1  ;Водитель-экспедитор;119;119;120
1812;Одинцово Автоколонна МКТ 1  ;Водитель-экспедитор;116;116;118
1813;Одинцово Автоколонна МКТ 1  ;Водитель-экспедитор;115;118;120
1814;Одинцово Автоколонна МКТ 1  ;Водитель-экспедитор;109;110;110
1816;Подольск Автоколонна МКТ 1;Водитель-экспедитор;115;114;117
1817;Подольск Автоколонна МКТ 1;Водитель-экспедитор;118;116;118
1818;Подольск Автоколонна МКТ 1;Водитель-экспедитор;105;104;107
1819;Подольск Автоколонна МКТ 1;Водитель-экспедитор;115;118;119
1820;Подольск Автоколонна МКТ 1;Водитель-экспедитор;117;119;119
1821;Пушкино Автоколонна МКТ 1 ;Водитель-экспедитор;119;119;122
1822;Пушкино Автоколонна МКТ 1 ;Водитель-экспедитор;119;119;119
1823;Сергиев Посад Автоколонна МКТ 1;Водитель-экспедитор;111;113;109
1824;Серпухов Автоколонна МКТ 1 ;Водитель-экспедитор;114;114;112
1825;Солнечногорск Автоколонна МКТ 1 ;Водитель-экспедитор;105;105;106
1826;Солнечногорск Автоколонна МКТ 1 ;Водитель-экспедитор;118;115;117
1828;Томилино Автоколонна МКТ 1;Водитель-экспедитор;115;114;116
1829;Чехов Автоколонна МКТ 1;Водитель-экспедитор;116;117;115
1831;Чехов Автоколонна МКТ 1;"Водитель-экспедитор категории ""Е""";106;103;107
1832;Чехов Автоколонна МКТ 1;"Водитель-экспедитор категории ""Е""";106;107;108
1833;Чехов Автоколонна МКТ 1;"Водитель-экспедитор категории ""Е""";110;111;111
1834;Чехов Автоколонна МКТ 1;"Водитель-экспедитор категории ""Е""";105;103;101
1835;Чехов Автоколонна МКТ 1;"Водитель-экспедитор категории ""Е""";118;121;123
1836;Чехов Автоколонна МКТ 1;"Водитель-экспедитор категории ""Е""";115;114;112
1837;Чехов Автоколонна МКТ 1;"Водитель-экспедитор категории ""Е""";110;109;107
1838;Чехов Автоколонна МКТ 1;"Водитель-экспедитор категории ""Е""";119;117;116
1839;Чехов Автоколонна МКТ 1;"Водитель-экспедитор категории ""Е""";113;112;112
1840;Чехов Автоколонна МКТ 1;"Водитель категории ""Е""";105;107;107
1841;Чехов Автоколонна МКТ 1;"Водитель категории ""Е""";108;111;113
1842;Чехов Автоколонна МКТ 1;"Водитель категории ""Е""";111;111;111
1843;Чехов Автоколонна МКТ 1;"Водитель-экспедитор категории ""Е""";107;110;106
1844;Чехов Автоколонна МКТ 1;"Водитель-экспедитор категории ""Е""";109;109;111
1846;Чехов Автоколонна МКТ 1;"Водитель-экспедитор категории ""Е""";117;117;117
1847;Чехов Автоколонна МКТ 1;"Водитель-экспедитор категории ""Е""";116;117;117
1848;Чехов Автоколонна МКТ 1;"Водитель-экспедитор категории ""Е""";111;113;114
1849;Чехов Автоколонна МКТ 1;"Водитель-экспедитор категории ""Е""";109;108;110
1850;Чехов Автоколонна МКТ 1;"Водитель-экспедитор категории ""Е""";111;109;112
1851;Чехов Автоколонна МКТ 1;"Водитель-экспедитор категории ""Е""";105;103;102
1852;Чехов Автоколонна МКТ 1;"Водитель-экспедитор категории ""Е""";106;105;103
1853;Чехов Автоколонна МКТ 1;"Водитель-экспедитор категории ""Е""";107;105;109
1854;Чехов Автоколонна МКТ 1;"Водитель-экспедитор категории ""Е""";114;115;117
1855;Чехов Автоколонна МКТ 1;"Водитель-экспедитор категории ""Е""";116;119;118
1856;Пермь МКТ 1;Водитель-экспедитор ;112;113;110
1857;Пермь МКТ 1;Водитель-экспедитор ;112;114;113
1858;Пермь МКТ 1;Водитель-экспедитор ;110;112;113
1859;Пермь МКТ 1;Водитель-экспедитор ;117;118;121
1860;Пермь МКТ 1;Водитель-экспедитор ;105;106;104
1861;Сургут МКТ 1;Водитель-экспедитор ;118;116;119
1862;Сургут МКТ 1;Водитель-экспедитор ;108;111;112
1863;Сургут МКТ 1;Водитель-экспедитор ;120;118;118
1864;Сургут МКТ 1;Водитель-экспедитор ;119;118;118
1870;Челябинск Автоколонна 1;"Водитель-экспедитор категории ""Е""";106;105;105
1871;Челябинск Автоколонна 1;"Водитель-экспедитор категории ""Е""";119;119;122
1872;Челябинск Автоколонна 1;"Водитель-экспедитор категории ""Е""";112;111;113
1873;Челябинск Автоколонна 1;"Водитель-экспедитор категории ""Е""";118;117;115
1874;Челябинск Автоколонна 1;"Водитель-экспедитор категории ""Е""";115;118;119
1875;Челябинск Автоколонна 1;"Водитель-экспедитор категории ""Е""";112;110;108
1876;Челябинск Автоколонна 1;"Водитель-экспедитор категории ""Е""";105;106;109
1877;Челябинск Автоколонна 1;"Водитель-экспедитор категории ""Е""";120;121;123
1878;Челябинск Автоколонна 1;"Водитель-экспедитор категории ""Е""";109;106;110
1879;Челябинск Автоколонна 1;"Водитель-экспедитор категории ""Е""";119;121;117
1880;Челябинск Автоколонна 1;"Водитель-экспедитор категории ""Е""";105;104;103
1881;Челябинск Автоколонна 1;"Водитель-экспедитор категории ""Е""";118;116;114
1882;Челябинск Автоколонна 1;"Водитель-экспедитор категории ""Е""";120;119;123
1883;Челябинск Автоколонна 1;"Водитель-экспедитор категории ""Е""";114;114;115
1884;Челябинск Автоколонна 1;"Водитель-экспедитор категории ""Е""";120;123;119
1885;Челябинск Автоколонна 1;"Водитель-экспедитор категории ""Е""";107;108;109
1886;Челябинск Автоколонна 1;"Водитель-экспедитор категории ""Е""";115;117;114
1887;Челябинск Автоколонна 1;"Водитель-экспедитор категории ""Е""";109;112;112
1888;Челябинск Автоколонна 1;"Водитель-экспедитор категории ""Е""";115;113;112
1968;Калуга Автоколонна МКТ 1;Водитель-экспедитор;110;109;111
1889;Челябинск Автоколонна 1;"Водитель-экспедитор категории ""Е""";119;118;116
1890;Челябинск Автоколонна 1;"Водитель-экспедитор категории ""Е""";116;114;114
1891;Челябинск Автоколонна 1;"Водитель-экспедитор категории ""Е""";109;106;108
1892;Челябинск Автоколонна 1;"Водитель-экспедитор категории ""Е""";119;122;124
1893;Челябинск Автоколонна 1;"Водитель-экспедитор категории ""Е""";108;107;106
1894;Челябинск Автоколонна 1;"Водитель-экспедитор категории ""Е""";107;107;107
1895;Челябинск МКТ;Водитель-экспедитор ;118;118;116
1896;Челябинск МКТ;Водитель-экспедитор ;118;116;120
1897;Челябинск МКТ;Водитель-экспедитор ;115;117;114
1898;Челябинск МКТ;Водитель-экспедитор ;109;111;111
1899;Челябинск МКТ;Водитель-экспедитор ;120;123;119
1900;Челябинск МКТ;Водитель-экспедитор ;107;104;105
1901;Челябинск МКТ;Водитель-экспедитор ;120;118;120
1902;Магнитогорск МКТ;Водитель-экспедитор ;111;110;109
1903;Каменск-Уральский МКТ;Водитель-экспедитор ;107;106;107
1904;Курган МКТ;Водитель-экспедитор ;115;115;116
1905;Курган МКТ;Водитель-экспедитор ;114;117;118
1906;Первоуральск МКТ;Водитель-экспедитор ;117;114;119
1907;Первоуральск МКТ;Водитель-экспедитор ;105;108;107
1908;Нижний Тагил МКТ;Водитель-экспедитор ;105;102;101
1909;Нижний Тагил МКТ;Водитель-экспедитор ;114;114;112
1910;Нижний Тагил МКТ;Водитель-экспедитор ;117;117;115
1911;Новый Уренгой МКТ;Водитель-экспедитор ;119;117;120
1912;Новый Уренгой МКТ;Водитель-экспедитор ;112;111;114
1915;Екатеринбург Автоколонна 1;"Водитель-экспедитор категории ""Е""";116;117;115
1916;Екатеринбург Автоколонна 1;"Водитель-экспедитор категории ""Е""";115;117;116
1917;Екатеринбург Автоколонна 1;"Водитель-экспедитор категории ""Е""";113;111;111
1918;Екатеринбург Автоколонна 1;"Водитель-экспедитор категории ""Е""";112;115;117
1919;Екатеринбург Автоколонна 1;"Водитель-экспедитор категории ""Е""";110;112;114
1920;Екатеринбург Автоколонна 1;"Водитель-экспедитор категории ""Е""";113;115;115
1921;Екатеринбург Автоколонна 1;"Водитель-экспедитор категории ""Е""";106;103;104
1922;Екатеринбург Автоколонна 1;"Водитель-экспедитор категории ""Е""";112;112;110
1923;Екатеринбург Автоколонна 1;"Водитель-экспедитор категории ""Е""";108;109;109
1924;Екатеринбург Автоколонна 1;"Водитель-экспедитор категории ""Е""";108;110;107
1925;Екатеринбург Автоколонна 1;"Водитель-экспедитор категории ""Е""";105;106;106
1926;Екатеринбург Автоколонна 1;"Водитель-экспедитор категории ""Е""";119;118;121
1927;Екатеринбург Автоколонна 1;"Водитель-экспедитор категории ""Е""";106;104;104
1928;Екатеринбург Автоколонна 1;"Водитель-экспедитор категории ""Е""";110;113;112
1929;Екатеринбург Автоколонна 1;"Водитель-экспедитор категории ""Е""";120;121;120
1930;Екатеринбург Автоколонна 1;"Водитель категории ""Е""";118;117;116
1931;Екатеринбург Автоколонна 1;"Водитель категории ""Е""";117;119;120
1932;Екатеринбург Автоколонна 1;"Водитель категории ""Е""";117;116;120
1933;Екатеринбург Автоколонна 1;"Водитель категории ""Е""";114;117;115
1935;Екатеринбург МКТ;Водитель-экспедитор ;110;108;110
1936;Екатеринбург МКТ;Водитель-экспедитор ;111;111;110
1937;Екатеринбург МКТ;Водитель-экспедитор ;106;106;104
1938;Екатеринбург МКТ;Водитель-экспедитор ;106;107;106
1939;Екатеринбург МКТ;Водитель-экспедитор ;111;111;114
1940;Екатеринбург МКТ;Водитель-экспедитор ;112;112;112
1941;Екатеринбург МКТ;Водитель-экспедитор ;114;114;116
1942;Нижневартовск МКТ;Водитель-экспедитор ;106;104;108
1943;Березники МКТ;Водитель-экспедитор ;118;121;118
1944;Ханты-Мансийск МКТ;Водитель-экспедитор ;110;113;115
1945;Ханты-Мансийск МКТ;Водитель-экспедитор ;119;121;122
1946;Белгород Автоколонна МКТ 1 ;Водитель-экспедитор;111;111;110
1947;Белгород Автоколонна МКТ 1 ;Водитель-экспедитор;108;106;109
1948;Белгород Автоколонна МКТ 1 ;Водитель-экспедитор;110;107;111
1949;Белгород Автоколонна МКТ 1 ;Водитель-экспедитор;113;113;112
1950;Брянск Автоколонна МКТ 1;Водитель-экспедитор;105;104;104
1951;Брянск Автоколонна МКТ 1;Водитель-экспедитор;111;108;113
1952;Борисоглебск Автоколонна МКТ 1;Водитель-экспедитор;119;119;117
1953;Владимир Автоколонна МКТ 1;Водитель-экспедитор;111;111;110
1954;Владимир Автоколонна МКТ 1;Водитель-экспедитор;112;112;112
1955;Владимир Автоколонна МКТ 1;Водитель-экспедитор;116;118;119
1956;Воронеж Автоколонна МКТ 1;Водитель-экспедитор;119;117;119
1957;Воронеж Автоколонна МКТ 1;Водитель-экспедитор;109;109;109
1958;Воронеж Автоколонна МКТ 1;Водитель-экспедитор;116;115;113
1959;Дзержинск Автоколонна МКТ 1;Водитель-экспедитор;114;111;116
1960;Елец Автоколонна МКТ 1;Водитель-экспедитор;108;111;110
1961;Елец Автоколонна МКТ 1;Водитель-экспедитор;115;118;119
1962;Иваново Автоколонна МКТ 1;Водитель-экспедитор;111;111;111
1963;Иваново Автоколонна МКТ 1;Водитель-экспедитор;120;122;123
1964;Иваново Автоколонна МКТ 1;Водитель-экспедитор;112;113;113
1965;Иваново Автоколонна МКТ 1;Водитель-экспедитор;108;106;110
1966;Калуга Автоколонна МКТ 1;Водитель-экспедитор;112;110;109
1967;Калуга Автоколонна МКТ 1;Водитель-экспедитор;113;114;117
1969;Клинцы Автоколонна МКТ 1;Водитель-экспедитор;107;107;108
1970;Ковров Автоколонна МКТ 1;Водитель-экспедитор;118;120;119
1971;Кострома Автоколонна МКТ 1;Водитель-экспедитор;112;115;113
1972;Курск Автоколонна МКТ 1;Водитель-экспедитор;119;118;119
1973;Курск Автоколонна МКТ 1;Водитель-экспедитор;116;119;117
1974;Липецк Автоколонна МКТ 1;Водитель-экспедитор;106;107;110
1975;Липецк Автоколонна МКТ 1;Водитель-экспедитор;116;114;115
1976;Липецк Автоколонна МКТ 1;Водитель-экспедитор;109;109;112
1977;Липецк Автоколонна МКТ 1;Водитель-экспедитор;119;121;117
1978;Липецк Автоколонна МКТ 1;Водитель-экспедитор;115;117;119
1979;Липецк Автоколонна МКТ 1;Водитель-экспедитор;108;110;109
1980;Нижний Новгород Автоколонна МКТ 1;Водитель-экспедитор;116;116;117
1981;Нижний Новгород Автоколонна МКТ 1;Водитель-экспедитор;117;119;116
1982;Нижний Новгород Автоколонна МКТ 1;Водитель-экспедитор;117;115;115
1983;Нижний Новгород Автоколонна МКТ 1;Водитель-экспедитор;114;114;114
1984;Нижний Новгород Автоколонна МКТ 1;Водитель-экспедитор;110;109;108
1985;Нижний Новгород Автоколонна МКТ 1;Водитель-экспедитор;109;108;109
1986;Нижний Новгород Автоколонна МКТ 1;Водитель-экспедитор;109;111;109
1987;Нижний Новгород Автоколонна МКТ 1;Водитель-экспедитор;113;116;113
1988;Нижний Новгород Автоколонна МКТ 1;Водитель-экспедитор;106;107;106
1989;Новомосковск Автоколонна МКТ 1;Водитель-экспедитор;114;115;114
1990;Новомосковск Автоколонна МКТ 1;Водитель-экспедитор;116;113;115
1991;Обнинск Автоколонна МКТ 1;Водитель-экспедитор;112;111;115
1992;Обнинск Автоколонна МКТ 1;Водитель-экспедитор;114;115;114
1993;Орел Автоколонна МКТ 1;Водитель-экспедитор;106;109;109
1994;Орел Автоколонна МКТ 1;Водитель-экспедитор;105;108;106
1995;Россошь Автоколонна МКТ 1;Водитель-экспедитор;112;110;113
1996;Рыбинск Автоколонна МКТ 1;Водитель-экспедитор;115;117;115
1997;Рязань Автоколонна МКТ 1;Водитель-экспедитор;106;105;107
1998;Рязань Автоколонна МКТ 1;Водитель-экспедитор;115;112;116
1999;Рязань Автоколонна МКТ 1;Водитель-экспедитор;115;117;117
2000;Смоленск Автоколонна МКТ 1;Водитель-экспедитор;105;105;106
2001;Смоленск Автоколонна МКТ 1;Водитель-экспедитор;118;120;120
2002;Смоленск Автоколонна МКТ 1;Водитель-экспедитор;115;112;116
2003;Смоленск Автоколонна МКТ 1;Водитель-экспедитор;112;114;115
2004;Смоленск Автоколонна МКТ 1;Водитель-экспедитор;109;108;111
2005;Старый оскол Автоколонна МКТ 1;Водитель-экспедитор;115;115;118
2006;Старый оскол Автоколонна МКТ 1;Водитель-экспедитор;111;110;110
2007;Тамбов Автоколонна МКТ 1;Водитель-экспедитор;120;119;120
2008;Тамбов Автоколонна МКТ 1;Водитель-экспедитор;112;111;115
2009;Тамбов Автоколонна МКТ 1;Водитель-экспедитор;109;110;112
2010;Тверь Автоколонна МКТ 1;Водитель-экспедитор;120;119;121
2011;Тверь Автоколонна МКТ 1;Водитель-экспедитор;116;119;117
2012;Тверь Автоколонна МКТ 1;Водитель-экспедитор;120;121;122
2013;Тверь Автоколонна МКТ 1;Водитель-экспедитор;113;114;114
2014;Тверь Автоколонна МКТ 1;Водитель-экспедитор;113;114;114
2015;Тула Автоколонна МКТ 1;Водитель-экспедитор;108;110;108
2016;Тула Автоколонна МКТ 1;Водитель-экспедитор;116;114;113
2017;Тула Автоколонна МКТ 1;Водитель-экспедитор;119;117;117
2018;Тула Автоколонна МКТ 1;Водитель-экспедитор;112;111;115
2019;Ярославль Автоколонна МКТ 1;Водитель-экспедитор;105;104;102
2020;Ярославль Автоколонна МКТ 1;Водитель-экспедитор;119;117;118
2021;Ярославль Автоколонна МКТ 1;Водитель-экспедитор;118;121;120
2022;Ярославль Автоколонна МКТ 1;Водитель-экспедитор;113;112;116
2023;Владимир Автоколонна 1;"Водитель-экспедитор категории ""Е""";105;103;105
2024;Владимир Автоколонна 1;"Водитель-экспедитор категории ""Е""";114;112;111
2025;Владимир Автоколонна 1;"Водитель-экспедитор категории ""Е""";110;112;109
2026;Владимир Автоколонна 1;"Водитель-экспедитор категории ""Е""";118;118;116
2027;Владимир Автоколонна 1;"Водитель-экспедитор категории ""Е""";118;119;116
2028;Владимир Автоколонна 1;"Водитель-экспедитор категории ""Е""";106;108;107
2029;Владимир Автоколонна 1;"Водитель-экспедитор категории ""Е""";105;105;104
2030;Владимир Автоколонна 1;"Водитель-экспедитор категории ""Е""";117;119;120
2031;Владимир Автоколонна 1;"Водитель-экспедитор категории ""Е""";118;116;115
2032;Владимир Автоколонна 1;"Водитель-экспедитор категории ""Е""";106;109;109
2033;Владимир Автоколонна 1;"Водитель-экспедитор категории ""Е""";109;111;113
2034;Владимир Автоколонна 1;"Водитель-экспедитор категории ""Е""";117;119;116
2035;Владимир Автоколонна 1;"Водитель-экспедитор категории ""Е""";105;102;104
2036;Владимир Автоколонна 1;"Водитель-экспедитор категории ""Е""";117;116;115
2037;Владимир Автоколонна 1;"Водитель-экспедитор категории ""Е""";106;109;109
2038;Владимир Автоколонна 1;"Водитель-экспедитор категории ""Е""";120;120;123
2039;Владимир Автоколонна 1;"Водитель-экспедитор категории ""Е""";113;110;109
2040;Владимир Автоколонна 1;"Водитель-экспедитор категории ""Е""";116;118;118
2041;Владимир Автоколонна 1;"Водитель-экспедитор категории ""Е""";109;107;107
2042;Владимир Автоколонна 1;"Водитель-экспедитор категории ""Е""";110;111;111
2043;Владимир Автоколонна 1;"Водитель-экспедитор категории ""Е""";105;107;105
2044;Владимир Автоколонна 1;"Водитель-экспедитор категории ""Е""";107;109;110
2045;Владимир Автоколонна 1;"Водитель-экспедитор категории ""Е""";118;116;114
2046;Владимир Автоколонна 1;"Водитель-экспедитор категории ""Е""";114;112;113
2047;Владимир Автоколонна 1;"Водитель-экспедитор категории ""Е""";118;115;120
2048;Владимир Автоколонна 1;"Водитель-экспедитор категории ""Е""";107;104;105
2049;Владимир Автоколонна 1;"Водитель-экспедитор категории ""Е""";115;113;111
2050;Владимир Автоколонна 1;"Водитель-экспедитор категории ""Е""";107;109;106
2051;Владимир Автоколонна 1;"Водитель-экспедитор категории ""Е""";110;113;112
2053;Владимир Автоколонна 1;"Водитель-экспедитор категории ""Е""";105;102;104
2054;Владимир Автоколонна 1;"Водитель-экспедитор категории ""Е""";109;110;107
2055;Владимир Автоколонна 1;"Водитель-экспедитор категории ""Е""";110;111;111
2056;Владимир Автоколонна 1;"Водитель-экспедитор категории ""Е""";114;111;113
2057;Владимир Автоколонна 1;"Водитель-экспедитор категории ""Е""";106;107;108
2454;ОСП Самара Мехзавод Автоколонна 1;"Водитель-экспедитор категории ""Е""";108;111;111
2455;ОСП Самара Мехзавод Автоколонна 1;"Водитель-экспедитор категории ""Е""";116;114;114
2456;ОСП Самара Мехзавод Автоколонна 1;"Водитель категории ""Е""";116;116;113
2457;ОСП Самара Мехзавод Автоколонна 1;"Водитель-экспедитор категории ""Е""";108;105;106
2458;ОСП Самара Мехзавод Автоколонна 1;"Водитель-экспедитор категории ""Е""";108;108;111
2459;ОСП Самара Мехзавод Автоколонна 1;"Водитель-экспедитор категории ""Е""";119;120;117
2460;ОСП Самара Мехзавод Автоколонна 1;"Водитель-экспедитор категории ""Е""";111;108;107
2461;ОСП Самара Мехзавод Автоколонна 1;"Водитель-экспедитор категории ""Е""";110;107;108
2462;ОСП Самара Мехзавод Автоколонна 1;"Водитель-экспедитор категории ""Е""";107;105;106
2463;ОСП Самара Мехзавод Автоколонна 1;"Водитель-экспедитор категории ""Е""";114;112;116
2464;ОСП Самара Мехзавод Автоколонна 1;"Водитель-экспедитор категории ""Е""";107;105;108
2465;ОСП Самара Мехзавод Автоколонна 1;"Водитель-экспедитор категории ""Е""";117;118;120
2466;ОСП Самара Мехзавод Автоколонна 1;"Водитель-экспедитор категории ""Е""";112;112;115
2467;ОСП Самара Мехзавод Автоколонна 1;"Водитель-экспедитор категории ""Е""";106;103;103
2468;ОСП Самара Мехзавод Автоколонна 1;"Водитель-экспедитор категории ""Е""";105;107;104
2469;ОСП Самара Мехзавод Автоколонна 1;"Водитель-экспедитор категории ""Е""";110;109;110
2470;ОСП Самара Мехзавод Автоколонна 1;"Водитель-экспедитор категории ""Е""";108;110;108
2471;ОСП Самара Мехзавод Автоколонна 1;"Водитель-экспедитор категории ""Е""";108;105;106
2472;ОСП Самара Мехзавод Автоколонна 1;"Водитель-экспедитор категории ""Е""";116;118;118
2473;ОСП Самара Мехзавод Автоколонна 1;"Водитель-экспедитор категории ""Е""";112;109;108
2474;ОСП Самара Мехзавод Автоколонна 1;"Водитель-экспедитор категории ""Е""";111;109;109
2475;ОСП Самара Мехзавод Автоколонна 1;"Водитель-экспедитор категории ""Е""";120;117;117
2476;ОСП Самара Мехзавод Автоколонна 1;"Водитель-экспедитор категории ""Е""";115;117;119
2477;ОСП Самара Мехзавод Автоколонна 1;"Водитель-экспедитор категории ""Е""";119;122;123
2478;ОСП Самара Мехзавод Автоколонна 1;"Водитель-экспедитор категории ""Е""";117;118;120
2479;ОСП Самара Мехзавод Автоколонна 1;"Водитель-экспедитор категории ""Е""";110;109;109
2480;ОСП Самара Мехзавод Автоколонна 1;"Водитель-экспедитор категории ""Е""";114;111;111
2481;ОСП Самара Мехзавод Автоколонна 1;"Водитель-экспедитор категории ""Е""";117;116;114
2482;ОСП Самара Мехзавод Автоколонна 1;"Водитель-экспедитор категории ""Е""";108;105;105
2483;ОСП Самара Мехзавод Автоколонна 1;"Водитель-экспедитор категории ""Е""";108;105;106
2484;ОСП Самара Мехзавод Автоколонна 1;"Водитель-экспедитор категории ""Е""";112;115;116
2485;ОСП Самара Мехзавод Автоколонна 1;"Водитель-экспедитор категории ""Е""";118;116;116
2486;ОСП Самара Мехзавод Автоколонна 1;"Водитель-экспедитор категории ""Е""";117;115;118
2487;ОСП Самара Мехзавод Автоколонна 1;"Водитель-экспедитор категории ""Е""";117;118;115
2488;ОСП Самара Мехзавод Автоколонна 1;"Водитель-экспедитор категории ""Е""";114;114;111
2489;ОСП Самара Мехзавод Автоколонна 1;"Водитель-экспедитор категории ""Е""";116;118;116
2490;ОСП Самара Мехзавод Автоколонна 1;"Водитель-экспедитор категории ""Е""";105;102;104
2491;ОСП Самара Мехзавод Автоколонна 1;"Водитель-экспедитор категории ""Е""";110;111;108
2492;ОСП Самара Мехзавод Автоколонна 1;"Водитель-экспедитор категории ""Е""";116;117;114
2493;ОСП Самара Мехзавод Автоколонна 1;"Водитель-экспедитор категории ""Е""";109;108;107
2494;ОСП Самара Мехзавод Автоколонна 1;"Водитель-экспедитор категории ""Е""";117;116;118
2495;ОСП Самара Мехзавод Автоколонна 1;"Водитель категории ""Е""";111;108;111
2496;ОСП Самара Мехзавод Автоколонна 1;"Водитель-экспедитор категории ""Е""";111;114;111
2497;ОСП Самара Мехзавод Автоколонна 1;"Водитель-экспедитор категории ""Е""";108;108;107
2498;ОСП Самара Мехзавод Автоколонна 1;"Водитель-экспедитор категории ""Е""";117;120;118
2499;ОСП Самара Мехзавод Автоколонна 1;"Водитель-экспедитор категории ""Е""";113;115;114
2500;ОСП Самара Мехзавод Автоколонна 1;"Водитель-экспедитор категории ""Е""";116;115;118
2501;ОСП Самара Мехзавод Автоколонна 1;"Водитель-экспедитор категории ""Е""";117;116;120
2502;ОСП Самара Мехзавод Автоколонна 1;"Водитель-экспедитор категории ""Е""";107;107;106
2503;ОСП Самара Мехзавод Автоколонна 1;"Водитель-экспедитор категории ""Е""";112;112;114
2504;ОСП Самара Мехзавод Автоколонна 1;"Водитель-экспедитор категории ""Е""";107;106;107
2505;ОСП Балаково Автоколонна МКТ 1;Водитель-экспедитор;115;113;113
2506;ОСП Балаково Автоколонна МКТ 1;Водитель-экспедитор;107;107;109
2507;ОСП Балаково Автоколонна МКТ 1;Водитель-экспедитор;117;117;117
2508;ОСП Самара Автоколонна МКТ 1;Водитель-экспедитор;119;122;119
2509;ОСП Самара Автоколонна МКТ 1;Водитель-экспедитор;109;111;107
2510;ОСП Самара Автоколонна МКТ 1;Водитель-экспедитор;118;115;118
2511;ОСП Самара Автоколонна МКТ 1;Водитель-экспедитор;106;109;109
2512;ОСП Самара Автоколонна МКТ 1;Водитель-экспедитор;107;106;109
2513;ОСП Самара Автоколонна МКТ 1;Водитель-экспедитор;119;122;119
2514;ОСП Самара Автоколонна МКТ 1;Водитель-экспедитор;110;112;111
2515;ОСП Самара Автоколонна МКТ 1;Водитель-экспедитор;108;109;107
2516;ОСП Набережные Челны Автоколонна МКТ 1;Водитель-экспедитор;113;113;113
2517;ОСП Чебоксары Автоколонна МКТ 1;Водитель-экспедитор;115;112;115
2518;ОСП Йошкар-Ола Автоколонна МКТ 1;Водитель-экспедитор;109;106;106
2519;ОСП Ульяновск Автоколонна МКТ 1;Водитель-экспедитор;118;115;117
2520;ОСП Казань Автоколонна МКТ 1;Водитель-экспедитор;114;112;115
2521;ОСП Казань Автоколонна МКТ 1;Водитель-экспедитор;115;114;113
2522;ОСП Казань Автоколонна МКТ 1;Водитель-экспедитор;119;120;122
2523;ОСП Казань Автоколонна МКТ 1;Водитель-экспедитор;116;115;117
2524;ОСП Казань Автоколонна МКТ 1;Водитель-экспедитор;119;117;118
2525;ОСП Казань Автоколонна МКТ 1;Водитель-экспедитор;108;111;109
2526;ОСП Казань Автоколонна МКТ 1;Водитель-экспедитор;110;112;109
2527;ОСП Казань Автоколонна МКТ 1;Водитель-экспедитор;114;112;110
2528;ОСП Казань Автоколонна МКТ 1;Водитель-экспедитор;107;106;107
2529;ОСП Казань Автоколонна МКТ 1;Водитель-экспедитор;108;111;109
2530;ОСП Казань Автоколонна МКТ 1;Водитель-экспедитор;114;116;113
2531;ОСП Уфа Автоколонна МКТ 1;Водитель-экспедитор;116;114;113
2532;ОСП Уфа Автоколонна МКТ 1;Водитель-экспедитор;117;119;116
2533;ОСП Уфа Автоколонна МКТ 1;Водитель-экспедитор;110;113;110
2534;ОСП Уфа Автоколонна МКТ 1;Водитель-экспедитор;108;108;109
2535;ОСП Уфа Автоколонна МКТ 1;Водитель-экспедитор;108;110;110
2536;ОСП Уфа Автоколонна МКТ 1;Водитель-экспедитор;117;115;113
2537;ОСП Уфа Автоколонна МКТ 1;Водитель-экспедитор;119;117;119
2538;ОСП Уфа Автоколонна МКТ 1;Водитель-экспедитор;113;115;116
2539;ОСП Уфа Автоколонна МКТ 1;Водитель-экспедитор;119;122;122
2540;ОСП Саратов Автоколонна МКТ 1;Водитель-экспедитор;107;109;110
2541;ОСП Саратов Автоколонна МКТ 1;Водитель-экспедитор;112;109;114
2542;ОСП Саратов Автоколонна МКТ 1;Водитель-экспедитор;114;114;115
2543;ОСП Саратов Автоколонна МКТ 1;Водитель-экспедитор;116;116;118
2544;ОСП Саратов Автоколонна МКТ 1;Водитель-экспедитор;117;118;120
2545;ОСП Саратов Автоколонна МКТ 1;Водитель-экспедитор;113;112;114
2546;ОСП Саратов Автоколонна МКТ 1;Водитель-экспедитор;108;109;112
2547;ОСП Саратов Автоколонна МКТ 1;Водитель-экспедитор;115;117;116
2548;ОСП Ижевск Автоколонна МКТ 1;Водитель-экспедитор;108;110;109
2549;ОСП Ижевск Автоколонна МКТ 1;Водитель-экспедитор;116;113;113
2551;ОСП Оренбург Автоколонна МКТ 1;Водитель-экспедитор;113;114;113
2552;ОСП Оренбург Автоколонна МКТ 1;Водитель-экспедитор;111;114;113
2553;ОСП Оренбург Автоколонна МКТ 1;Водитель-экспедитор;105;108;110
2554;ОСП Оренбург Автоколонна МКТ 1;Водитель-экспедитор;118;117;120
2555;ОСП Саранск Автоколонна МКТ 1;Водитель-экспедитор;113;112;116
2556;ОСП Саранск Автоколонна МКТ 1;Водитель-экспедитор;115;117;117
2557;ОСП Саранск Автоколонна МКТ 1;Водитель-экспедитор;119;116;121
2558;ОСП Тольятти Автоколонна МКТ 1;Водитель-экспедитор;112;109;112
2559;ОСП Тольятти Автоколонна МКТ 1;Водитель-экспедитор;118;115;120
2560;ОСП Нижнекамск Автоколонна МКТ 1;Водитель-экспедитор;109;111;110
2561;ОСП Пенза Автоколонна МКТ 1;Водитель-экспедитор;119;122;118
2562;ОСП Пенза Автоколонна МКТ 1;Водитель-экспедитор;110;111;112
2563;ОСП Пенза Автоколонна МКТ 1;Водитель-экспедитор;112;112;112
2564;ОСП Пенза Автоколонна МКТ 1;Водитель-экспедитор;114;114;117
2587;ОСП Самара 3;Руководитель направления;106;108;105
2588;ОСП Самара 3;Руководитель отдела по округу;113;114;114
2589;ОСП Самара 3;Руководитель отдела по округу;117;116;116
2590;ОСП Самара 3;Руководитель подразделения;107;109;107
2663;Служба эксплуатации малотоннажного коммерческого транспорта;водитель-экспедитор ;105;103;102
2665;Служба эксплуатации малотоннажного коммерческого транспорта;водитель-экспедитор ;116;118;117
2666;Служба эксплуатации малотоннажного коммерческого транспорта;водитель-экспедитор ;105;107;108
2667;Служба эксплуатации малотоннажного коммерческого транспорта;водитель-экспедитор ;111;108;111
2668;Служба эксплуатации малотоннажного коммерческого транспорта;водитель-экспедитор ;118;117;121
2669;Служба эксплуатации малотоннажного коммерческого транспорта;водитель-экспедитор ;115;114;117
2670;Служба эксплуатации малотоннажного коммерческого транспорта;водитель-экспедитор ;119;118;119
2671;Служба эксплуатации малотоннажного коммерческого транспорта;водитель-экспедитор ;114;115;118
2672;Служба эксплуатации малотоннажного коммерческого транспорта;водитель-экспедитор ;110;110;112
2673;Служба эксплуатации малотоннажного коммерческого транспорта;водитель-экспедитор ;108;111;111
2674;Служба эксплуатации малотоннажного коммерческого транспорта;водитель-экспедитор ;115;116;115
2675;Служба эксплуатации малотоннажного коммерческого транспорта;водитель-экспедитор ;118;121;117
2676;Служба эксплуатации малотоннажного коммерческого транспорта;водитель-экспедитор ;111;111;114
2677;Служба эксплуатации малотоннажного коммерческого транспорта;водитель-экспедитор ;110;107;109
2678;Служба эксплуатации малотоннажного коммерческого транспорта;водитель-экспедитор ;113;112;116
2679;Служба эксплуатации малотоннажного коммерческого транспорта;водитель-экспедитор ;105;107;105
2680;Департамент автодоставки;водитель-экспедитор ;110;107;112
2681;Департамент автодоставки;водитель-экспедитор ;113;116;118
2682;Департамент автодоставки;водитель-экспедитор ;118;118;118
2683;Управление по экспедиторской деятельности;"водитель- экспедитор  категории ""Е""";106;106;109
2684;Управление по экспедиторской деятельности;"водитель- экспедитор  категории ""Е""";108;108;110
2685;Управление по экспедиторской деятельности;"водитель- экспедитор  категории ""Е""";107;106;104
2686;Управление по экспедиторской деятельности;"водитель- экспедитор  категории ""Е""";114;116;115
2687;Управление по экспедиторской деятельности;"водитель- экспедитор  категории ""Е""";111;110;113
2688;Управление по экспедиторской деятельности;"водитель- экспедитор  категории ""Е""";106;105;108
2689;Управление по экспедиторской деятельности;"водитель- экспедитор  категории ""Е""";117;114;116
2690;Управление по экспедиторской деятельности;"водитель- экспедитор  категории ""Е""";120;118;117
2691;Управление по экспедиторской деятельности;"водитель- экспедитор  категории ""Е""";120;119;120
2692;Управление по экспедиторской деятельности;"водитель- экспедитор  категории ""Е""";111;114;111
2693;Департамент по перевозке генеральных грузов;"водитель- экспедитор  категории ""Е""";116;115;113
2694;Департамент по перевозке генеральных грузов;"водитель- экспедитор  категории ""Е""";112;112;111
2695;Департамент по перевозке генеральных грузов;"водитель- экспедитор  категории ""Е""";105;102;103
2696;Департамент по перевозке генеральных грузов;"водитель- экспедитор  категории ""Е""";116;115;115
2697;Департамент по перевозке генеральных грузов;"водитель- экспедитор  категории ""Е""";120;117;116
2698;Департамент по перевозке генеральных грузов;"водитель- экспедитор  категории ""Е""";105;107;104
2699;Департамент по перевозке генеральных грузов;"водитель- экспедитор  категории ""Е""";109;106;108
2700;Департамент по перевозке генеральных грузов;"водитель- экспедитор  категории ""Е""";117;117;119
2701;Департамент по перевозке генеральных грузов;"водитель- экспедитор  категории ""Е""";110;111;112
2702;Департамент по перевозке генеральных грузов;"водитель- экспедитор  категории ""Е""";107;107;107
2703;Департамент по перевозке генеральных грузов;"водитель- экспедитор  категории ""Е""";115;117;115
2704;Департамент по перевозке генеральных грузов;"водитель- экспедитор  категории ""Е""";107;105;105
2705;Департамент по перевозке генеральных грузов;"водитель- экспедитор  категории ""Е""";107;105;103
2706;Департамент по перевозке генеральных грузов;"водитель- экспедитор  категории ""Е""";115;112;115
2707;Департамент по перевозке генеральных грузов;"водитель- экспедитор  категории ""Е""";120;122;121
2708;Департамент по перевозке генеральных грузов;"водитель- экспедитор  категории ""Е""";115;116;117
2709;Департамент по перевозке генеральных грузов;"водитель- экспедитор  категории ""Е""";111;114;111
2710;Департамент по перевозке генеральных грузов;"водитель- экспедитор  категории ""Е""";106;107;108
2711;Департамент по перевозке генеральных грузов;"водитель- экспедитор  категории ""Е""";116;114;114
2712;Департамент по перевозке генеральных грузов;"водитель- экспедитор  категории ""Е""";105;106;104
2713;Департамент по перевозке генеральных грузов;"водитель- экспедитор  категории ""Е""";114;115;113
2714;Департамент по перевозке генеральных грузов;"водитель- экспедитор  категории ""Е""";118;119;121
2715;Департамент по перевозке генеральных грузов;"водитель- экспедитор  категории ""Е""";116;118;117
2716;Департамент по перевозке генеральных грузов;"водитель- экспедитор  категории ""Е""";114;116;117
2717;Департамент по перевозке генеральных грузов;"водитель- экспедитор  категории ""Е""";116;114;115
2718;Департамент по перевозке генеральных грузов;водитель-экспедитор ;116;117;116
2719;Департамент по перевозке генеральных грузов;водитель-экспедитор ;113;110;113
2720;Департамент по перевозке генеральных грузов;водитель-экспедитор ;117;120;117
2721;Департамент по перевозке генеральных грузов;водитель-экспедитор ;109;106;105
2722;Департамент по перевозке генеральных грузов;водитель-экспедитор ;108;105;106
2723;Департамент по перевозке генеральных грузов;водитель-экспедитор ;117;120;117
2724;Департамент по перевозке генеральных грузов;водитель-экспедитор ;109;112;109
2725;Департамент по перевозке генеральных грузов;водитель-экспедитор ;107;108;105
2727;Департамент по перевозке генеральных грузов;водитель-экспедитор ;111;111;108
2728;Департамент по перевозке генеральных грузов;водитель-экспедитор ;115;117;119
2729;Департамент по перевозке генеральных грузов;водитель-экспедитор ;111;109;107
2730;Департамент по перевозке генеральных грузов;водитель-экспедитор ;108;108;107
2731;Департамент по перевозке генеральных грузов;водитель-экспедитор ;110;108;112
2732;Департамент по перевозке генеральных грузов;водитель-экспедитор ;119;120;118
2733;Департамент по перевозке генеральных грузов;водитель-экспедитор ;109;106;106
2734;Департамент по перевозке генеральных грузов;водитель-экспедитор ;108;109;107
2735;Департамент по перевозке генеральных грузов;водитель-экспедитор ;109;112;110
2736;Департамент по перевозке генеральных грузов;водитель-экспедитор ;109;109;110
2738;Департамент по перевозке генеральных грузов;водитель-экспедитор ;106;109;105
2739;Департамент по перевозке генеральных грузов;водитель-экспедитор ;112;110;108
2740;Департамент по перевозке генеральных грузов;водитель-экспедитор ;111;108;112
2743;Департамент по перевозке генеральных грузов;водитель-экспедитор ;118;115;114
2744;Департамент по перевозке генеральных грузов;водитель-экспедитор ;115;117;116
2745;Департамент по перевозке генеральных грузов;водитель-экспедитор ;106;105;109
2746;Департамент по перевозке генеральных грузов;водитель-экспедитор ;114;117;118
2747;Департамент по перевозке генеральных грузов;водитель-экспедитор ;107;108;108
2748;Департамент по перевозке генеральных грузов;водитель-экспедитор ;120;121;121
2749;Департамент по перевозке генеральных грузов;водитель-экспедитор ;116;118;119
2751;Департамент по перевозке генеральных грузов;водитель-экспедитор ;113;110;114
2752;Департамент по перевозке генеральных грузов;водитель-экспедитор ;108;108;111
2753;Департамент по перевозке генеральных грузов;водитель-экспедитор ;117;120;116
2754;Департамент по перевозке генеральных грузов;водитель-экспедитор ;120;123;120
2755;Департамент по перевозке генеральных грузов;водитель-экспедитор ;114;117;113
2756;Департамент по перевозке генеральных грузов;водитель-экспедитор ;109;107;111
2757;Департамент по перевозке генеральных грузов;водитель-экспедитор ;107;105;106
2758;Департамент по перевозке генеральных грузов;водитель-экспедитор ;114;114;116
2759;Департамент по перевозке генеральных грузов;водитель-экспедитор ;108;105;109
2760;Департамент по перевозке генеральных грузов;водитель-экспедитор ;117;117;118
2762;Департамент по перевозке генеральных грузов;"водитель- экспедитор  категории ""Е""";112;112;109
2763;Департамент по перевозке генеральных грузов;"водитель- экспедитор  категории ""Е""";114;111;114
2764;Департамент по перевозке генеральных грузов;"водитель- экспедитор  категории ""Е""";105;107;103
2765;Департамент по перевозке генеральных грузов;"водитель- экспедитор  категории ""Е""";105;104;104
2766;Департамент по перевозке генеральных грузов;"водитель- экспедитор  категории ""Е""";110;107;106
2767;Департамент по перевозке генеральных грузов;"водитель- экспедитор  категории ""Е""";113;115;115
2768;Департамент по перевозке генеральных грузов;"водитель- экспедитор  категории ""Е""";105;105;105
2769;Департамент по перевозке генеральных грузов;"водитель- экспедитор  категории ""Е""";109;109;109
2770;Департамент по перевозке генеральных грузов;"водитель- экспедитор  категории ""Е""";118;116;120
2771;Департамент по перевозке генеральных грузов;"водитель- экспедитор  категории ""Е""";107;105;107
2772;Департамент по перевозке генеральных грузов;"водитель- экспедитор  категории ""Е""";108;110;109
2773;Департамент по перевозке генеральных грузов;"водитель- экспедитор  категории ""Е""";110;107;111
2774;Департамент по перевозке генеральных грузов;"водитель- экспедитор  категории ""Е""";114;112;112
2775;Департамент по перевозке генеральных грузов;"водитель- экспедитор  категории ""Е""";118;120;118
2776;Департамент по перевозке генеральных грузов;"водитель- экспедитор  категории ""Е""";120;122;124
2777;Департамент по перевозке генеральных грузов;"водитель- экспедитор  категории ""Е""";115;114;116
2778;Департамент по перевозке генеральных грузов;"водитель- экспедитор  категории ""Е""";116;115;119
2779;Департамент по перевозке генеральных грузов;"водитель- экспедитор  категории ""Е""";114;112;110
2780;Департамент по перевозке генеральных грузов;"водитель- экспедитор  категории ""Е""";111;108;107
2781;Департамент по перевозке генеральных грузов;"водитель- экспедитор  категории ""Е""";116;116;115
2782;Департамент по перевозке генеральных грузов;"водитель- экспедитор  категории ""Е""";105;107;106
2783;Департамент по перевозке генеральных грузов;водитель-экспедитор ;117;114;116
2784;Департамент по перевозке генеральных грузов;водитель-экспедитор ;110;107;106
2785;Департамент по перевозке генеральных грузов;водитель-экспедитор ;107;110;111
2786;Департамент по перевозке генеральных грузов;водитель-экспедитор ;120;119;118
2787;Департамент по перевозке генеральных грузов;водитель-экспедитор ;106;104;104
2788;Департамент по перевозке генеральных грузов;водитель-экспедитор ;117;115;117
2789;Департамент по перевозке генеральных грузов;водитель-экспедитор ;109;112;108
2795;Группа складских операций;водитель-экспедитор ;110;112;114
2806;Апатиты Автоколонна МКТ 1 ;Водитель-экспедитор;111;109;112
2807;Архангельск Автоколонна МКТ 1;Водитель-экспедитор;114;111;113
2808;Вологда Автоколонна МКТ 1;Водитель-экспедитор;107;108;106
2809;Калининград Автоколонна МКТ 1;Водитель-экспедитор;120;123;121
2810;Петрозаводск Автоколонна МКТ 1;Водитель-экспедитор;108;110;111
2811;Санкт-Петербург Автоколонна МКТ 2;Водитель-экспедитор;112;115;114
2812;Санкт-Петербург Автоколонна МКТ 2;Водитель-экспедитор;112;113;114
2813;Санкт-Петербург Автоколонна МКТ 2;Водитель-экспедитор;106;109;111
2814;Санкт-Петербург Автоколонна МКТ 2;Водитель-экспедитор;113;113;113
2815;Санкт-Петербург Автоколонна МКТ 2;Водитель-экспедитор;111;108;108
2816;Санкт-Петербург Автоколонна МКТ 2;Водитель-экспедитор;110;112;113
2817;Санкт-Петербург Автоколонна МКТ 2;Водитель-экспедитор;106;103;108
2818;Санкт-Петербург Автоколонна МКТ 2;Водитель-экспедитор;106;103;107
2819;Санкт-Петербург Автоколонна МКТ 2;Водитель-экспедитор;115;118;119
2820;Санкт-Петербург Автоколонна МКТ 2;Водитель-экспедитор;107;108;109
2821;Санкт-Петербург Автоколонна МКТ 2;Водитель-экспедитор;109;112;110
2822;Санкт-Петербург Автоколонна МКТ 1  ;Водитель-экспедитор;117;120;117
2823;Санкт-Петербург Автоколонна МКТ 1  ;Водитель-экспедитор;105;107;104
2824;Санкт-Петербург Автоколонна МКТ 1  ;Водитель-экспедитор;114;114;112
2825;Санкт-Петербург Автоколонна МКТ 1  ;Водитель-экспедитор;117;116;117
2826;Санкт-Петербург Автоколонна МКТ 1  ;Водитель-экспедитор;111;109;108
2827;Санкт-Петербург Автоколонна МКТ 1  ;Водитель-экспедитор;119;116;119
2828;Санкт-Петербург Автоколонна МКТ 1  ;Водитель-экспедитор;117;116;117
2829;Сосновый Бор Автоколонна МКТ 1  ;Водитель-экспедитор;105;104;102
2830;Сосновый Бор Автоколонна МКТ 1  ;Водитель-экспедитор;118;116;117
2831;Ухта Автоколонна МКТ 1  ;Водитель-экспедитор;109;109;111
2853;Отдел маршрутизации большегрузных транспортных средств;Руководитель по округу;115;118;120
2855;Коммерческий департамент;Руководитель группы;115;115;115
2868;Отдел сопровождения клиентов;Руководитель отдела по округу;119;117;118
2883;Направление учета расчетов с клиентами ;Руководитель направления;114;117;118
2885;Направление учета расчетов с поставщиками;Руководитель направления;111;114;116
2889;Отдел управленческого учета;Руководитель направления;105;104;102
2893;Группа подбора и адаптации персонала;Руководитель группы;111;109;109
2897;Отдел по работе с поставщиками топлива;Водитель;108;109;108
2898;Отдел по работе с поставщиками топлива;Водитель;115;118;116
2899;Отдел по работе с поставщиками топлива;Водитель;110;107;109
2900;Отдел по работе с поставщиками топлива;Водитель;112;114;111
2901;Отдел по работе с поставщиками топлива;Водитель;111;112;115
2903;Отдел операционного маркетинга;Руководитель направления;105;105;108
2917;Служба эксплуатации транспортных средств;Водитель;113;114;115
2918;Группа логистики и экспедирования;Руководитель группы;120;122;122
2920;Финансовый департамент ;Руководитель направления;109;111;110
