id;att_org_id;name;reg_num;factory_num;fac_ids;si_err
7;0;Измеритель параметров микроклимата «Метеоскоп-М»;32014-11;86613;1;"Температура-±0,2; относительная влажность-±0,3; скорость в диапазоне от0,1 до 1 м/с - ±(0,05+0,05V), скорость в диапазоне от 0,1 до 20м/с - ±(0,1+0,05V); Давление воздуха, кПа - ±0,13 (±1)"
22;0;Измеритель параметров микроклимата «Метеоскоп-М»;32014-11;93513;1;"Измерение температуры: ±0,20С; измерение относительной влажности: ±3,0%;измерение скорости движения воздуха: ±0,05-0,05V м/с (в диапазоне от 0,1 до 1 м/с), ±0,1+0,05V м/с (в диапазоне от 1 до 20 м/с); измерение ТНС-индекса: ±0,20С"
82;0;Насос-пробоотборник ручной НП-3М;18166-99;632.4;1;±5%
83;0;Насос-пробоотборник ручной НП-3М;18166-99;498.4;1;±5%
84;0;Насос-пробоотборник ручной НП-3М;18166-99;353.4;1;±5%
85;0;Насос-пробоотборник ручной НП-3М;18166-99;133.3;1;±5%
86;0;Газоанализатор  «Колион-1В-02»;16298-09;548;1;±15%
87;0;Газоанализатор  «Колион-1В-02»;16298-09;562;1;±15%
88;0;Газоанализатор «Колион-1В-02»;16298-09;563;1;15%
89;0;Газоанализатор универсальный ГАНК-4;24421-09;2678;1;±20%
109;0;Спектрофотометр ПЭ-5300ВИ;44866-10;53ВИ771;1;±0,5 %Т
110;0;Анализатор-течеискатель АНТ-3М;39982-14;3421;1;±(8-5)%
114;0;Газоанализатор универсальный ГАНК-4;24421-09;3190;1;±20%
118;0;Измеритель параметров микроклимата «Метеоскоп-М»;32014-11;346418;1;"Температура-±0,2; относительная влажность-±0,3; скорость в диапазоне от0,1 до 1 м/с - ±(0,05+0,05V), скорость в диапазоне от 0,1 до 20м/с - ±(0,1+0,05V); Давление воздуха, кПа - ±0,13 (±1)"
133;0;Измеритель параметров микроклимата «Метеоскоп-М»;32014-11;349218;1;"Температура-±0,2; относительная влажность-±0,3; скорость в диапазоне от0,1 до 1 м/с - ±(0,05+0,05V), скорость в диапазоне от 0,1 до 20м/с - ±(0,1+0,05V); Давление воздуха, кПа - ±0,13 (±1)"
159;0;Трубки индикаторные ТИ-[ИК-К] мод. ТИ-[СН3СООН-0,3] для определения в воздушной среде Уксусной кислоты;24321-13;26-05;1;±25 %
169;0;Измеритель микроклимата «ЭкоТерма-1»;49002-12;130250;1;"Температура: ±0,2?С - ±0,3?С; Влажность ±2,0% - ±3,0%"
184;0;Термоанемометр ТТМ-2-04;44377-10;2852;1;не более ± (0,05 + 0,05V) м/c, где V – измеренная скорость потока, м/c
206;0;Трубка индикаторная модели ТИ- [ИК-К] модификации ТИ- [EtOH-5,0] для определения в воздушной среде этанола;24321-13;30-10;1;± 25%
8;0;Измеритель параметров микроклимата «Метеоскоп-М»;32014-11;86613;3;"Температура-±0,2; относительная влажность-±0,3; скорость в диапазоне от0,1 до 1 м/с - ±(0,05+0,05V), скорость в диапазоне от 0,1 до 20м/с - ±(0,1+0,05V); Давление воздуха, кПа - ±0,13 (±1)"
23;0;Измеритель параметров микроклимата «Метеоскоп-М»;32014-11;93513;3;"Измерение температуры: ±0,20С; измерение относительной влажности: ±3,0%;измерение скорости движения воздуха: ±0,05-0,05V м/с (в диапазоне от 0,1 до 1 м/с), ±0,1+0,05V м/с (в диапазоне от 1 до 20 м/с); измерение ТНС-индекса: ±0,20С"
90;0;Газоанализатор универсальный ГАНК-4;24421-09;2678;3;±20%
115;0;Газоанализатор универсальный ГАНК-4;24421-09;3190;3;±20%
119;0;Измеритель параметров микроклимата «Метеоскоп-М»;32014-11;346418;3;"Температура-±0,2; относительная влажность-±0,3; скорость в диапазоне от0,1 до 1 м/с - ±(0,05+0,05V), скорость в диапазоне от 0,1 до 20м/с - ±(0,1+0,05V); Давление воздуха, кПа - ±0,13 (±1)"
134;0;Измеритель параметров микроклимата «Метеоскоп-М»;32014-11;349218;3;"Температура-±0,2; относительная влажность-±0,3; скорость в диапазоне от0,1 до 1 м/с - ±(0,05+0,05V), скорость в диапазоне от 0,1 до 20м/с - ±(0,1+0,05V); Давление воздуха, кПа - ±0,13 (±1)"
170;0;Измеритель микроклимата «ЭкоТерма-1»;49002-12;130250;3;"Температура: ±0,2?С - ±0,3?С; Влажность ±2,0% - ±3,0%"
185;0;Термоанемометр ТТМ-2-04;44377-10;2852;3;не более ± (0,05 + 0,05V) м/c, где V – измеренная скорость потока, м/c
9;0;Измеритель параметров микроклимата «Метеоскоп-М»;32014-11;86613;4;"Температура-±0,2; относительная влажность-±0,3; скорость в диапазоне от0,1 до 1 м/с - ±(0,05+0,05V), скорость в диапазоне от 0,1 до 20м/с - ±(0,1+0,05V); Давление воздуха, кПа - ±0,13 (±1)"
24;0;Измеритель параметров микроклимата «Метеоскоп-М»;32014-11;93513;4;"Измерение температуры: ±0,20С; измерение относительной влажности: ±3,0%;измерение скорости движения воздуха: ±0,05-0,05V м/с (в диапазоне от 0,1 до 1 м/с), ±0,1+0,05V м/с (в диапазоне от 1 до 20 м/с); измерение ТНС-индекса: ±0,20С"
45;0;Анализатор шума и вибрации АССИСТЕНТ;39671-08;157413;4;"Шум: ±0,7дБ; Вибрация: ±0,3дБ"
50;0;Анализатор шума и вибрации АССИСТЕНТ;39671-08;162113;4;"Шум: ±0,7дБ; Вибрация: ±0,3дБ"
55;0;Анализатор шума и вибрации АССИСТЕНТ;39671-08;197114;4;"Шум: ±0,7дБ; Вибрация: ±0,3дБ"
60;0;Анализатор шума и вибрации АССИСТЕНТ;39671-08;202515;4;"Шум: ±0,7дБ; Вибрация: ±0,3дБ"
65;0;Калибратор акустический «Защита-К»;47740-11;76714;4;"±0,4%; ±0,6%"
67;0;Калибратор акустический «Защита-К»;47740-11;57213;4;"±0,4%; ±0,6%"
69;0;Калибратор акустический «Защита-К»;47740-11;55113;4;"±0,4%; ±0,6%"
71;0;Калибратор акустический «Защита-К»;47740-11;82815;4;"±0,4%; ±0,6%"
73;0;Шумомер-виброметр, анализатор спектра ЭКОФИЗИКА-110А;48906-12;БФ150212;4;"Шум: ±0,7дБ; Вибрация: ±0,3дБ"
120;0;Измеритель параметров микроклимата «Метеоскоп-М»;32014-11;346418;4;"Температура-±0,2; относительная влажность-±0,3; скорость в диапазоне от0,1 до 1 м/с - ±(0,05+0,05V), скорость в диапазоне от 0,1 до 20м/с - ±(0,1+0,05V); Давление воздуха, кПа - ±0,13 (±1)"
135;0;Измеритель параметров микроклимата «Метеоскоп-М»;32014-11;349218;4;"Температура-±0,2; относительная влажность-±0,3; скорость в диапазоне от0,1 до 1 м/с - ±(0,05+0,05V), скорость в диапазоне от 0,1 до 20м/с - ±(0,1+0,05V); Давление воздуха, кПа - ±0,13 (±1)"
148;0;Анализатор шума и вибрации АССИСТЕНТ;39671-08;287018;4;"Шум: ±0,7дБ; Вибрация: ±0,3дБ"
166;0;Шумомер-виброметр, анализатор спектра ЭКОФИЗИКА-110А;48906-12;БФ150201;4;"Шум: ±0,7дБ; Вибрация: ±0,3дБ"
171;0;Измеритель микроклимата «ЭкоТерма-1»;49002-12;130250;4;"Температура: ±0,2?С - ±0,3?С; Влажность ±2,0% - ±3,0%"
186;0;Термоанемометр ТТМ-2-04;44377-10;2852;4;не более ± (0,05 + 0,05V) м/c, где V – измеренная скорость потока, м/c
200;0;"Калибратор акустический ""Защита-К""";47740-11;122616;4;"±0,4%; ±0,6%"
10;0;Измеритель параметров микроклимата «Метеоскоп-М»;32014-11;86613;5;"Температура-±0,2; относительная влажность-±0,3; скорость в диапазоне от0,1 до 1 м/с - ±(0,05+0,05V), скорость в диапазоне от 0,1 до 20м/с - ±(0,1+0,05V); Давление воздуха, кПа - ±0,13 (±1)"
25;0;Измеритель параметров микроклимата «Метеоскоп-М»;32014-11;93513;5;"Измерение температуры: ±0,20С; измерение относительной влажности: ±3,0%;измерение скорости движения воздуха: ±0,05-0,05V м/с (в диапазоне от 0,1 до 1 м/с), ±0,1+0,05V м/с (в диапазоне от 1 до 20 м/с); измерение ТНС-индекса: ±0,20С"
46;0;Анализатор шума и вибрации АССИСТЕНТ;39671-08;157413;5;"Шум: ±0,7дБ; Вибрация: ±0,3дБ"
51;0;Анализатор шума и вибрации АССИСТЕНТ;39671-08;162113;5;"Шум: ±0,7дБ; Вибрация: ±0,3дБ"
56;0;Анализатор шума и вибрации АССИСТЕНТ;39671-08;197114;5;"Шум: ±0,7дБ; Вибрация: ±0,3дБ"
61;0;Анализатор шума и вибрации АССИСТЕНТ;39671-08;202515;5;"Шум: ±0,7дБ; Вибрация: ±0,3дБ"
66;0;Калибратор акустический «Защита-К»;47740-11;76714;5;"±0,4%; ±0,6%"
68;0;Калибратор акустический «Защита-К»;47740-11;57213;5;"±0,4%; ±0,6%"
70;0;Калибратор акустический «Защита-К»;47740-11;55113;5;"±0,4%; ±0,6%"
72;0;Калибратор акустический «Защита-К»;47740-11;82815;5;"±0,4%; ±0,6%"
74;0;Шумомер-виброметр, анализатор спектра ЭКОФИЗИКА-110А;48906-12;БФ150212;5;"Шум: ±0,7дБ; Вибрация: ±0,3дБ"
121;0;Измеритель параметров микроклимата «Метеоскоп-М»;32014-11;346418;5;"Температура-±0,2; относительная влажность-±0,3; скорость в диапазоне от0,1 до 1 м/с - ±(0,05+0,05V), скорость в диапазоне от 0,1 до 20м/с - ±(0,1+0,05V); Давление воздуха, кПа - ±0,13 (±1)"
136;0;Измеритель параметров микроклимата «Метеоскоп-М»;32014-11;349218;5;"Температура-±0,2; относительная влажность-±0,3; скорость в диапазоне от0,1 до 1 м/с - ±(0,05+0,05V), скорость в диапазоне от 0,1 до 20м/с - ±(0,1+0,05V); Давление воздуха, кПа - ±0,13 (±1)"
149;0;Анализатор шума и вибрации АССИСТЕНТ;39671-08;287018;5;"Шум: ±0,7дБ; Вибрация: ±0,3дБ"
172;0;Измеритель микроклимата «ЭкоТерма-1»;49002-12;130250;5;"Температура: ±0,2?С - ±0,3?С; Влажность ±2,0% - ±3,0%"
187;0;Термоанемометр ТТМ-2-04;44377-10;2852;5;не более ± (0,05 + 0,05V) м/c, где V – измеренная скорость потока, м/c
201;0;"Калибратор акустический ""Защита-К""";47740-11;122616;5;"±0,4%; ±0,6%"
11;0;Измеритель параметров микроклимата «Метеоскоп-М»;32014-11;86613;6;"Температура-±0,2; относительная влажность-±0,3; скорость в диапазоне от0,1 до 1 м/с - ±(0,05+0,05V), скорость в диапазоне от 0,1 до 20м/с - ±(0,1+0,05V); Давление воздуха, кПа - ±0,13 (±1)"
26;0;Измеритель параметров микроклимата «Метеоскоп-М»;32014-11;93513;6;"Измерение температуры: ±0,20С; измерение относительной влажности: ±3,0%;измерение скорости движения воздуха: ±0,05-0,05V м/с (в диапазоне от 0,1 до 1 м/с), ±0,1+0,05V м/с (в диапазоне от 1 до 20 м/с); измерение ТНС-индекса: ±0,20С"
47;0;Анализатор шума и вибрации АССИСТЕНТ;39671-08;157413;6;"Шум: ±0,7дБ; Вибрация: ±0,3дБ"
52;0;Анализатор шума и вибрации АССИСТЕНТ;39671-08;162113;6;"Шум: ±0,7дБ; Вибрация: ±0,3дБ"
57;0;Анализатор шума и вибрации АССИСТЕНТ;39671-08;197114;6;"Шум: ±0,7дБ; Вибрация: ±0,3дБ"
62;0;Анализатор шума и вибрации АССИСТЕНТ;39671-08;202515;6;"Шум: ±0,7дБ; Вибрация: ±0,3дБ"
75;0;Шумомер-виброметр, анализатор спектра ЭКОФИЗИКА-110А;48906-12;БФ150212;6;"Шум: ±0,7дБ; Вибрация: ±0,3дБ"
122;0;Измеритель параметров микроклимата «Метеоскоп-М»;32014-11;346418;6;"Температура-±0,2; относительная влажность-±0,3; скорость в диапазоне от0,1 до 1 м/с - ±(0,05+0,05V), скорость в диапазоне от 0,1 до 20м/с - ±(0,1+0,05V); Давление воздуха, кПа - ±0,13 (±1)"
137;0;Измеритель параметров микроклимата «Метеоскоп-М»;32014-11;349218;6;"Температура-±0,2; относительная влажность-±0,3; скорость в диапазоне от0,1 до 1 м/с - ±(0,05+0,05V), скорость в диапазоне от 0,1 до 20м/с - ±(0,1+0,05V); Давление воздуха, кПа - ±0,13 (±1)"
150;0;Анализатор шума и вибрации АССИСТЕНТ;39671-08;287018;6;"Шум: ±0,7дБ; Вибрация: ±0,3дБ"
173;0;Измеритель микроклимата «ЭкоТерма-1»;49002-12;130250;6;"Температура: ±0,2?С - ±0,3?С; Влажность ±2,0% - ±3,0%"
188;0;Термоанемометр ТТМ-2-04;44377-10;2852;6;не более ± (0,05 + 0,05V) м/c, где V – измеренная скорость потока, м/c
202;0;"Калибратор акустический ""Защита-К""";47740-11;122616;6;"±0,4%; ±0,6%"
12;0;Измеритель параметров микроклимата «Метеоскоп-М»;32014-11;86613;7;"Температура-±0,2; относительная влажность-±0,3; скорость в диапазоне от0,1 до 1 м/с - ±(0,05+0,05V), скорость в диапазоне от 0,1 до 20м/с - ±(0,1+0,05V); Давление воздуха, кПа - ±0,13 (±1)"
27;0;Измеритель параметров микроклимата «Метеоскоп-М»;32014-11;93513;7;"Измерение температуры: ±0,20С; измерение относительной влажности: ±3,0%;измерение скорости движения воздуха: ±0,05-0,05V м/с (в диапазоне от 0,1 до 1 м/с), ±0,1+0,05V м/с (в диапазоне от 1 до 20 м/с); измерение ТНС-индекса: ±0,20С"
48;0;Анализатор шума и вибрации АССИСТЕНТ;39671-08;157413;7;"Шум: ±0,7дБ; Вибрация: ±0,3дБ"
53;0;Анализатор шума и вибрации АССИСТЕНТ;39671-08;162113;7;"Шум: ±0,7дБ; Вибрация: ±0,3дБ"
58;0;Анализатор шума и вибрации АССИСТЕНТ;39671-08;197114;7;"Шум: ±0,7дБ; Вибрация: ±0,3дБ"
63;0;Анализатор шума и вибрации АССИСТЕНТ;39671-08;202515;7;"Шум: ±0,7дБ; Вибрация: ±0,3дБ"
76;0;Шумомер-виброметр, анализатор спектра ЭКОФИЗИКА-110А;48906-12;БФ150212;7;"Шум: ±0,7дБ; Вибрация: ±0,3дБ"
116;0;Калибратор портативный АТ01m;68168-17;9037;7;±2 %
123;0;Измеритель параметров микроклимата «Метеоскоп-М»;32014-11;346418;7;"Температура-±0,2; относительная влажность-±0,3; скорость в диапазоне от0,1 до 1 м/с - ±(0,05+0,05V), скорость в диапазоне от 0,1 до 20м/с - ±(0,1+0,05V); Давление воздуха, кПа - ±0,13 (±1)"
138;0;Измеритель параметров микроклимата «Метеоскоп-М»;32014-11;349218;7;"Температура-±0,2; относительная влажность-±0,3; скорость в диапазоне от0,1 до 1 м/с - ±(0,05+0,05V), скорость в диапазоне от 0,1 до 20м/с - ±(0,1+0,05V); Давление воздуха, кПа - ±0,13 (±1)"
151;0;Анализатор шума и вибрации АССИСТЕНТ;39671-08;287018;7;"Шум: ±0,7дБ; Вибрация: ±0,3дБ"
167;0;Шумомер-виброметр, анализатор спектра ЭКОФИЗИКА-110А;48906-12;БФ150201;7;"Шум: ±0,7дБ; Вибрация: ±0,3дБ"
174;0;Измеритель микроклимата «ЭкоТерма-1»;49002-12;130250;7;"Температура: ±0,2?С - ±0,3?С; Влажность ±2,0% - ±3,0%"
189;0;Термоанемометр ТТМ-2-04;44377-10;2852;7;не более ± (0,05 + 0,05V) м/c, где V – измеренная скорость потока, м/c
203;0;"Калибратор акустический ""Защита-К""";47740-11;122616;7;"±0,4%; ±0,6%"
13;0;Измеритель параметров микроклимата «Метеоскоп-М»;32014-11;86613;8;"Температура-±0,2; относительная влажность-±0,3; скорость в диапазоне от0,1 до 1 м/с - ±(0,05+0,05V), скорость в диапазоне от 0,1 до 20м/с - ±(0,1+0,05V); Давление воздуха, кПа - ±0,13 (±1)"
28;0;Измеритель параметров микроклимата «Метеоскоп-М»;32014-11;93513;8;"Измерение температуры: ±0,20С; измерение относительной влажности: ±3,0%;измерение скорости движения воздуха: ±0,05-0,05V м/с (в диапазоне от 0,1 до 1 м/с), ±0,1+0,05V м/с (в диапазоне от 1 до 20 м/с); измерение ТНС-индекса: ±0,20С"
49;0;Анализатор шума и вибрации АССИСТЕНТ;39671-08;157413;8;"Шум: ±0,7дБ; Вибрация: ±0,3дБ"
54;0;Анализатор шума и вибрации АССИСТЕНТ;39671-08;162113;8;"Шум: ±0,7дБ; Вибрация: ±0,3дБ"
59;0;Анализатор шума и вибрации АССИСТЕНТ;39671-08;197114;8;"Шум: ±0,7дБ; Вибрация: ±0,3дБ"
64;0;Анализатор шума и вибрации АССИСТЕНТ;39671-08;202515;8;"Шум: ±0,7дБ; Вибрация: ±0,3дБ"
77;0;Шумомер-виброметр, анализатор спектра ЭКОФИЗИКА-110А;48906-12;БФ150212;8;"Шум: ±0,7дБ; Вибрация: ±0,3дБ"
117;0;Калибратор портативный АТ01m;68168-17;9037;8;±2 %
124;0;Измеритель параметров микроклимата «Метеоскоп-М»;32014-11;346418;8;"Температура-±0,2; относительная влажность-±0,3; скорость в диапазоне от0,1 до 1 м/с - ±(0,05+0,05V), скорость в диапазоне от 0,1 до 20м/с - ±(0,1+0,05V); Давление воздуха, кПа - ±0,13 (±1)"
139;0;Измеритель параметров микроклимата «Метеоскоп-М»;32014-11;349218;8;"Температура-±0,2; относительная влажность-±0,3; скорость в диапазоне от0,1 до 1 м/с - ±(0,05+0,05V), скорость в диапазоне от 0,1 до 20м/с - ±(0,1+0,05V); Давление воздуха, кПа - ±0,13 (±1)"
152;0;Анализатор шума и вибрации АССИСТЕНТ;39671-08;287018;8;"Шум: ±0,7дБ; Вибрация: ±0,3дБ"
168;0;Шумомер-виброметр, анализатор спектра ЭКОФИЗИКА-110А;48906-12;БФ150201;8;"Шум: ±0,7дБ; Вибрация: ±0,3дБ"
175;0;Измеритель микроклимата «ЭкоТерма-1»;49002-12;130250;8;"Температура: ±0,2?С - ±0,3?С; Влажность ±2,0% - ±3,0%"
190;0;Термоанемометр ТТМ-2-04;44377-10;2852;8;не более ± (0,05 + 0,05V) м/c, где V – измеренная скорость потока, м/c
204;0;"Калибратор акустический ""Защита-К""";47740-11;122616;8;"±0,4%; ±0,6%"
14;0;Измеритель параметров микроклимата «Метеоскоп-М»;32014-11;86613;9;"Температура-±0,2; относительная влажность-±0,3; скорость в диапазоне от0,1 до 1 м/с - ±(0,05+0,05V), скорость в диапазоне от 0,1 до 20м/с - ±(0,1+0,05V); Давление воздуха, кПа - ±0,13 (±1)"
29;0;Измеритель параметров микроклимата «Метеоскоп-М»;32014-11;93513;9;"Измерение температуры: ±0,20С; измерение относительной влажности: ±3,0%;измерение скорости движения воздуха: ±0,05-0,05V м/с (в диапазоне от 0,1 до 1 м/с), ±0,1+0,05V м/с (в диапазоне от 1 до 20 м/с); измерение ТНС-индекса: ±0,20С"
40;0;Измеритель параметров электрического и магнитного полей трехкомпонентный В/Е-МЕТР-АТ-003;42464-09;150513;9;±15%
41;0;Измеритель параметров электрического и магнитного полей трехкомпонентный В/Е-МЕТР-АТ-003;42464-09;177914;9;±15%
42;0;Измеритель параметров электрического и магнитного полей трехкомпонентный В/Е-МЕТР-АТ-003;42464-09;142913;9;±15 %
43;0;Измеритель напряженности электростатического поля СТ-01;17400-98;231813;9;±15%
44;0;Измеритель напряженности электростатического поля СТ-01;17400-98;227113;9;±15%
125;0;Измеритель параметров микроклимата «Метеоскоп-М»;32014-11;346418;9;"Температура-±0,2; относительная влажность-±0,3; скорость в диапазоне от0,1 до 1 м/с - ±(0,05+0,05V), скорость в диапазоне от 0,1 до 20м/с - ±(0,1+0,05V); Давление воздуха, кПа - ±0,13 (±1)"
140;0;Измеритель параметров микроклимата «Метеоскоп-М»;32014-11;349218;9;"Температура-±0,2; относительная влажность-±0,3; скорость в диапазоне от0,1 до 1 м/с - ±(0,05+0,05V), скорость в диапазоне от 0,1 до 20м/с - ±(0,1+0,05V); Давление воздуха, кПа - ±0,13 (±1)"
176;0;Измеритель микроклимата «ЭкоТерма-1»;49002-12;130250;9;"Температура: ±0,2?С - ±0,3?С; Влажность ±2,0% - ±3,0%"
191;0;Термоанемометр ТТМ-2-04;44377-10;2852;9;не более ± (0,05 + 0,05V) м/c, где V – измеренная скорость потока, м/c
15;0;Измеритель параметров микроклимата «Метеоскоп-М»;32014-11;86613;10;"Температура-±0,2; относительная влажность-±0,3; скорость в диапазоне от0,1 до 1 м/с - ±(0,05+0,05V), скорость в диапазоне от 0,1 до 20м/с - ±(0,1+0,05V); Давление воздуха, кПа - ±0,13 (±1)"
30;0;Измеритель параметров микроклимата «Метеоскоп-М»;32014-11;93513;10;"Измерение температуры: ±0,20С; измерение относительной влажности: ±3,0%;измерение скорости движения воздуха: ±0,05-0,05V м/с (в диапазоне от 0,1 до 1 м/с), ±0,1+0,05V м/с (в диапазоне от 1 до 20 м/с); измерение ТНС-индекса: ±0,20С"
81;0;Дозиметр ДКГ-07Д («ДРОЗД»);27537-04;7890;10;±15
126;0;Измеритель параметров микроклимата «Метеоскоп-М»;32014-11;346418;10;"Температура-±0,2; относительная влажность-±0,3; скорость в диапазоне от0,1 до 1 м/с - ±(0,05+0,05V), скорость в диапазоне от 0,1 до 20м/с - ±(0,1+0,05V); Давление воздуха, кПа - ±0,13 (±1)"
141;0;Измеритель параметров микроклимата «Метеоскоп-М»;32014-11;349218;10;"Температура-±0,2; относительная влажность-±0,3; скорость в диапазоне от0,1 до 1 м/с - ±(0,05+0,05V), скорость в диапазоне от 0,1 до 20м/с - ±(0,1+0,05V); Давление воздуха, кПа - ±0,13 (±1)"
177;0;Измеритель микроклимата «ЭкоТерма-1»;49002-12;130250;10;"Температура: ±0,2?С - ±0,3?С; Влажность ±2,0% - ±3,0%"
192;0;Термоанемометр ТТМ-2-04;44377-10;2852;10;не более ± (0,05 + 0,05V) м/c, где V – измеренная скорость потока, м/c
1;0;Прибор комбинированный «ТКА-ПКМ» (63);24248-09;63 244;11;±8%
3;0;Прибор комбинированный «ТКА-ПКМ» (61);24248-09;61 243;11;±8%
5;0;Прибор комбинированный «ТКА-ПКМ» (63);24248-09;63 245;11;±8%
16;0;Измеритель параметров микроклимата «Метеоскоп-М»;32014-11;86613;11;"Температура-±0,2; относительная влажность-±0,3; скорость в диапазоне от0,1 до 1 м/с - ±(0,05+0,05V), скорость в диапазоне от 0,1 до 20м/с - ±(0,1+0,05V); Давление воздуха, кПа - ±0,13 (±1)"
31;0;Измеритель параметров микроклимата «Метеоскоп-М»;32014-11;93513;11;"Измерение температуры: ±0,20С; измерение относительной влажности: ±3,0%;измерение скорости движения воздуха: ±0,05-0,05V м/с (в диапазоне от 0,1 до 1 м/с), ±0,1+0,05V м/с (в диапазоне от 1 до 20 м/с); измерение ТНС-индекса: ±0,20С"
37;0;Прибор комбинированный «ТКА-ПКМ» (62);24248-09;62 162;11;"Освещенность-±8%; Яркость-±10%;  Коэффициент пульсации-±10%; УФ-излучение: ±5%"
111;0;Прибор комбинированный «ТКА-ПКМ» (12);24248-09;122543;11;"Освещенность-±8%; Яркость-±10%;  Коэффициент пульсации-±10%; УФ-излучение: ±5%"
127;0;Измеритель параметров микроклимата «Метеоскоп-М»;32014-11;346418;11;"Температура-±0,2; относительная влажность-±0,3; скорость в диапазоне от0,1 до 1 м/с - ±(0,05+0,05V), скорость в диапазоне от 0,1 до 20м/с - ±(0,1+0,05V); Давление воздуха, кПа - ±0,13 (±1)"
142;0;Измеритель параметров микроклимата «Метеоскоп-М»;32014-11;349218;11;"Температура-±0,2; относительная влажность-±0,3; скорость в диапазоне от0,1 до 1 м/с - ±(0,05+0,05V), скорость в диапазоне от 0,1 до 20м/с - ±(0,1+0,05V); Давление воздуха, кПа - ±0,13 (±1)"
178;0;Измеритель микроклимата «ЭкоТерма-1»;49002-12;130250;11;"Температура: ±0,2?С - ±0,3?С; Влажность ±2,0% - ±3,0%"
193;0;Термоанемометр ТТМ-2-04;44377-10;2852;11;не более ± (0,05 + 0,05V) м/c, где V – измеренная скорость потока, м/c
2;0;Прибор комбинированный «ТКА-ПКМ» (63);24248-09;63 244;12;±8%
4;0;Прибор комбинированный «ТКА-ПКМ» (61);24248-09;61 243;12;±8%
6;0;Прибор комбинированный «ТКА-ПКМ» (63);24248-09;63 245;12;±8%
17;0;Измеритель параметров микроклимата «Метеоскоп-М»;32014-11;86613;12;"Температура-±0,2; относительная влажность-±0,3; скорость в диапазоне от0,1 до 1 м/с - ±(0,05+0,05V), скорость в диапазоне от 0,1 до 20м/с - ±(0,1+0,05V); Давление воздуха, кПа - ±0,13 (±1)"
32;0;Измеритель параметров микроклимата «Метеоскоп-М»;32014-11;93513;12;"Измерение температуры: ±0,20С; измерение относительной влажности: ±3,0%;измерение скорости движения воздуха: ±0,05-0,05V м/с (в диапазоне от 0,1 до 1 м/с), ±0,1+0,05V м/с (в диапазоне от 1 до 20 м/с); измерение ТНС-индекса: ±0,20С"
38;0;Прибор комбинированный «ТКА-ПКМ» (62);24248-09;62 162;12;"Освещенность-±8%; Яркость-±10%;  Коэффициент пульсации-±10%; УФ-излучение: ±5%"
78;0;Люксметр-пульсметр-яркомер «Эколайт-01»;43795-10;00459-13;12;"освещенность-±8%; яркость- ±10%; пульсация-±10%"
80;0;Прибор комбинированный «ТКА-ПКМ» (09);24248-09;09 700;12;"Освещенность-±8; яркость-±10;пульсация-±10"
103;0;Рулетка измерительная металлическая UM5M;22003-07;91;12;± 0,20 мм
105;0;Рулетка измерительная металлическая UM5M;22003-07;92;12;± 0,20 мм
107;0;Рулетка измерительная металлическая UM5M;22003-07;93;12;± 0,20 мм
112;0;Прибор комбинированный «ТКА-ПКМ» (12);24248-09;122543;12;"Освещенность-±8%; Яркость-±10%;  Коэффициент пульсации-±10%; УФ-излучение: ±5%"
128;0;Измеритель параметров микроклимата «Метеоскоп-М»;32014-11;346418;12;"Температура-±0,2; относительная влажность-±0,3; скорость в диапазоне от0,1 до 1 м/с - ±(0,05+0,05V), скорость в диапазоне от 0,1 до 20м/с - ±(0,1+0,05V); Давление воздуха, кПа - ±0,13 (±1)"
143;0;Измеритель параметров микроклимата «Метеоскоп-М»;32014-11;349218;12;"Температура-±0,2; относительная влажность-±0,3; скорость в диапазоне от0,1 до 1 м/с - ±(0,05+0,05V), скорость в диапазоне от 0,1 до 20м/с - ±(0,1+0,05V); Давление воздуха, кПа - ±0,13 (±1)"
153;0;Рулетка измерительная металлическая UM5M;22003-07;836;12;± 0,20 мм
162;0;Рулетка измерительная металлическая UM5M;22003-07;837;12;± 0,20 мм
179;0;Измеритель микроклимата «ЭкоТерма-1»;49002-12;130250;12;"Температура: ±0,2?С - ±0,3?С; Влажность ±2,0% - ±3,0%"
194;0;Термоанемометр ТТМ-2-04;44377-10;2852;12;не более ± (0,05 + 0,05V) м/c, где V – измеренная скорость потока, м/c
18;0;Измеритель параметров микроклимата «Метеоскоп-М»;32014-11;86613;13;"Температура-±0,2; относительная влажность-±0,3; скорость в диапазоне от0,1 до 1 м/с - ±(0,05+0,05V), скорость в диапазоне от 0,1 до 20м/с - ±(0,1+0,05V); Давление воздуха, кПа - ±0,13 (±1)"
33;0;Измеритель параметров микроклимата «Метеоскоп-М»;32014-11;93513;13;"Измерение температуры: ±0,20С; измерение относительной влажности: ±3,0%;измерение скорости движения воздуха: ±0,05-0,05V м/с (в диапазоне от 0,1 до 1 м/с), ±0,1+0,05V м/с (в диапазоне от 1 до 20 м/с); измерение ТНС-индекса: ±0,20С"
91;0;Динамометр становой ДС-200;23226-02;01308;13;±3%
92;0;Динамометр становой ДС-200;23226-02;01247;13;±3%
93;0;Динамометр становой ДС-200;23226-02;01306;13;±3%
94;0;Угломер с нониусом типа 4 4УМ;2437-13;5227;13;±10'
95;0;Угломер с нониусом типа 4 4УМ;2437-13;5612;13;±10'
96;0;Угломер с нониусом типа 4 4УМ;2437-13;5167;13;±10'
97;0;Секундомер механический СОСпр-2б-2-000;11519-11;9569;13;"±0,6-1,8 сек; класс точности 2"
99;0;Секундомер механический СОСпр-2б-2-000;11519-11;5674;13;"±0,6-1,8 сек; класс точности 2"
101;0;Секундомер механический СОСпр-2б-2-000;11519-11;9595;13;"±0,6-1,8 сек; класс точности 2"
104;0;Рулетка измерительная металлическая UM5M;22003-07;91;13;± 0,20 мм
106;0;Рулетка измерительная металлическая UM5M;22003-07;92;13;± 0,20 мм
108;0;Рулетка измерительная металлическая UM5M;22003-07;93;13;± 0,20 мм
129;0;Измеритель параметров микроклимата «Метеоскоп-М»;32014-11;346418;13;"Температура-±0,2; относительная влажность-±0,3; скорость в диапазоне от0,1 до 1 м/с - ±(0,05+0,05V), скорость в диапазоне от 0,1 до 20м/с - ±(0,1+0,05V); Давление воздуха, кПа - ±0,13 (±1)"
144;0;Измеритель параметров микроклимата «Метеоскоп-М»;32014-11;349218;13;"Температура-±0,2; относительная влажность-±0,3; скорость в диапазоне от0,1 до 1 м/с - ±(0,05+0,05V), скорость в диапазоне от 0,1 до 20м/с - ±(0,1+0,05V); Давление воздуха, кПа - ±0,13 (±1)"
154;0;Рулетка измерительная металлическая UM5M;22003-07;836;13;± 0,20 мм
155;0;Угломер с нониусом типа 4;2437-13;32163;13;±10'
156;0;Динамометр становой ДС-200;23226-02;1294;13;±3%
157;0;Секундомер механический СОСпр-2б-2-010;11519-11;4815;13;"±0,6-1,8 сек; класс точности 2"
160;0;Динамометр становой ДС-200;23226-02;1307;13;±3%
161;0;Угломер с нониусом типа 4 4УМ;2437-13;32168;13;±10'
163;0;Рулетка измерительная металлическая UM5M;22003-07;837;13;± 0,20 мм
164;0;Секундомер механический СОСпр-2б-2-000;11519-11;9369;13;"±0,6-1,8 сек; класс точности 2"
180;0;Измеритель микроклимата «ЭкоТерма-1»;49002-12;130250;13;"Температура: ±0,2?С - ±0,3?С; Влажность ±2,0% - ±3,0%"
195;0;Термоанемометр ТТМ-2-04;44377-10;2852;13;не более ± (0,05 + 0,05V) м/c, где V – измеренная скорость потока, м/c
19;0;Измеритель параметров микроклимата «Метеоскоп-М»;32014-11;86613;14;"Температура-±0,2; относительная влажность-±0,3; скорость в диапазоне от0,1 до 1 м/с - ±(0,05+0,05V), скорость в диапазоне от 0,1 до 20м/с - ±(0,1+0,05V); Давление воздуха, кПа - ±0,13 (±1)"
34;0;Измеритель параметров микроклимата «Метеоскоп-М»;32014-11;93513;14;"Измерение температуры: ±0,20С; измерение относительной влажности: ±3,0%;измерение скорости движения воздуха: ±0,05-0,05V м/с (в диапазоне от 0,1 до 1 м/с), ±0,1+0,05V м/с (в диапазоне от 1 до 20 м/с); измерение ТНС-индекса: ±0,20С"
79;0;Люксметр-пульсметр-яркомер «Эколайт-01»;43795-10;00459-13;14;"освещенность-±8%; яркость- ±10%; пульсация-±10%"
98;0;Секундомер механический СОСпр-2б-2-000;11519-11;9569;14;"±0,6-1,8 сек; класс точности 2"
100;0;Секундомер механический СОСпр-2б-2-000;11519-11;5674;14;"±0,6-1,8 сек; класс точности 2"
102;0;Секундомер механический СОСпр-2б-2-000;11519-11;9595;14;"±0,6-1,8 сек; класс точности 2"
130;0;Измеритель параметров микроклимата «Метеоскоп-М»;32014-11;346418;14;"Температура-±0,2; относительная влажность-±0,3; скорость в диапазоне от0,1 до 1 м/с - ±(0,05+0,05V), скорость в диапазоне от 0,1 до 20м/с - ±(0,1+0,05V); Давление воздуха, кПа - ±0,13 (±1)"
145;0;Измеритель параметров микроклимата «Метеоскоп-М»;32014-11;349218;14;"Температура-±0,2; относительная влажность-±0,3; скорость в диапазоне от0,1 до 1 м/с - ±(0,05+0,05V), скорость в диапазоне от 0,1 до 20м/с - ±(0,1+0,05V); Давление воздуха, кПа - ±0,13 (±1)"
158;0;Секундомер механический СОСпр-2б-2-010;11519-11;4815;14;"±0,6-1,8 сек; класс точности 2"
165;0;Секундомер механический СОСпр-2б-2-000;11519-11;9369;14;"±0,6-1,8 сек; класс точности 2"
181;0;Измеритель микроклимата «ЭкоТерма-1»;49002-12;130250;14;"Температура: ±0,2?С - ±0,3?С; Влажность ±2,0% - ±3,0%"
196;0;Термоанемометр ТТМ-2-04;44377-10;2852;14;не более ± (0,05 + 0,05V) м/c, где V – измеренная скорость потока, м/c
20;0;Измеритель параметров микроклимата «Метеоскоп-М»;32014-11;86613;26;"Температура-±0,2; относительная влажность-±0,3; скорость в диапазоне от0,1 до 1 м/с - ±(0,05+0,05V), скорость в диапазоне от 0,1 до 20м/с - ±(0,1+0,05V); Давление воздуха, кПа - ±0,13 (±1)"
35;0;Измеритель параметров микроклимата «Метеоскоп-М»;32014-11;93513;26;"Измерение температуры: ±0,20С; измерение относительной влажности: ±3,0%;измерение скорости движения воздуха: ±0,05-0,05V м/с (в диапазоне от 0,1 до 1 м/с), ±0,1+0,05V м/с (в диапазоне от 1 до 20 м/с); измерение ТНС-индекса: ±0,20С"
39;0;Прибор комбинированный «ТКА-ПКМ» (62);24248-09;62 162;26;"Освещенность-±8%; Яркость-±10%;  Коэффициент пульсации-±10%; УФ-излучение: ±5%"
113;0;Прибор комбинированный «ТКА-ПКМ» (12);24248-09;122543;26;"Освещенность-±8%; Яркость-±10%;  Коэффициент пульсации-±10%; УФ-излучение: ±5%"
131;0;Измеритель параметров микроклимата «Метеоскоп-М»;32014-11;346418;26;"Температура-±0,2; относительная влажность-±0,3; скорость в диапазоне от0,1 до 1 м/с - ±(0,05+0,05V), скорость в диапазоне от 0,1 до 20м/с - ±(0,1+0,05V); Давление воздуха, кПа - ±0,13 (±1)"
146;0;Измеритель параметров микроклимата «Метеоскоп-М»;32014-11;349218;26;"Температура-±0,2; относительная влажность-±0,3; скорость в диапазоне от0,1 до 1 м/с - ±(0,05+0,05V), скорость в диапазоне от 0,1 до 20м/с - ±(0,1+0,05V); Давление воздуха, кПа - ±0,13 (±1)"
182;0;Измеритель микроклимата «ЭкоТерма-1»;49002-12;130250;26;"Температура: ±0,2?С - ±0,3?С; Влажность ±2,0% - ±3,0%"
197;0;Термоанемометр ТТМ-2-04;44377-10;2852;26;не более ± (0,05 + 0,05V) м/c, где V – измеренная скорость потока, м/c
21;0;Измеритель параметров микроклимата «Метеоскоп-М»;32014-11;86613;41;"Температура-±0,2; относительная влажность-±0,3; скорость в диапазоне от0,1 до 1 м/с - ±(0,05+0,05V), скорость в диапазоне от 0,1 до 20м/с - ±(0,1+0,05V); Давление воздуха, кПа - ±0,13 (±1)"
36;0;Измеритель параметров микроклимата «Метеоскоп-М»;32014-11;93513;41;"Измерение температуры: ±0,20С; измерение относительной влажности: ±3,0%;измерение скорости движения воздуха: ±0,05-0,05V м/с (в диапазоне от 0,1 до 1 м/с), ±0,1+0,05V м/с (в диапазоне от 1 до 20 м/с); измерение ТНС-индекса: ±0,20С"
132;0;Измеритель параметров микроклимата «Метеоскоп-М»;32014-11;346418;41;"Температура-±0,2; относительная влажность-±0,3; скорость в диапазоне от0,1 до 1 м/с - ±(0,05+0,05V), скорость в диапазоне от 0,1 до 20м/с - ±(0,1+0,05V); Давление воздуха, кПа - ±0,13 (±1)"
147;0;Измеритель параметров микроклимата «Метеоскоп-М»;32014-11;349218;41;"Температура-±0,2; относительная влажность-±0,3; скорость в диапазоне от0,1 до 1 м/с - ±(0,05+0,05V), скорость в диапазоне от 0,1 до 20м/с - ±(0,1+0,05V); Давление воздуха, кПа - ±0,13 (±1)"
183;0;Измеритель микроклимата «ЭкоТерма-1»;49002-12;130250;41;"Температура: ±0,2?С - ±0,3?С; Влажность ±2,0% - ±3,0%"
198;0;Термоанемометр ТТМ-2-04;44377-10;2852;41;не более ± (0,05 + 0,05V) м/c, где V – измеренная скорость потока, м/c
199;0;"Дозиметр лазерный автоматизированный для контроля уровней импульсного и непрерывного излучения ""ЛАДИН""";16028-03;391;41;"на длине волны 0,63 мкм: ФПУ-1 ± 15%; ФПУ-2 ± 18%; других длинах волн: ФПУ-1 ±20%; ФПУ-2 ±22%"
205;0;Лазерный дозиметр ЛД-07;54480-13;018515;41;"1 в диапазонах длин волн ± 18%; 2 в диапазонах длин волн ± 25%"
